i00200gd,conf/525-ix-syntax/efm/00-filing/i00200gd/i00200gd-20081231.xsd,http://i00200gd/role/DocumentInformation,"992 - Document - Document Information, ABC","(link:calculationLink, link:definitionLink, link:presentationLink)"
i00200gd,conf/525-ix-syntax/efm/00-filing/i00200gd/i00200gd-20081231.xsd,http://i00200gd/role/EntityInformation,"991 - Document - Entity Information, ABC","(link:calculationLink, link:definitionLink, link:presentationLink)"
i00200gd,conf/525-ix-syntax/efm/00-filing/i00200gd/i00200gd-20081231.xsd,http://i00200gd/role/OtherInformation,"990 - Document - Other Information, ABC","(link:calculationLink, link:definitionLink, link:presentationLink)"
i00201gd,conf/525-ix-syntax/efm/00-filing/i00201gd/i00201gd-20081231.xsd,http://i00201gd/role/DocumentInformation,"992 - Document - Document Information, ABC","(link:calculationLink, link:definitionLink, link:presentationLink)"
i00201gd,conf/525-ix-syntax/efm/00-filing/i00201gd/i00201gd-20081231.xsd,http://i00201gd/role/OtherInformation,"990 - Document - Other Information, ABC","(link:calculationLink, link:definitionLink, link:presentationLink)"
i00201gd,conf/525-ix-syntax/efm/00-filing/i00201gd/i00201gd-20081231.xsd,http://i00201gd/role/EntityInformation,"991 - Document - Entity Information, ABC","(link:calculationLink, link:definitionLink, link:presentationLink)"
i00202gd,conf/525-ix-syntax/efm/00-filing/i00202gd/i00202gd-20081231.xsd,http://i00202gd/role/DocumentInformation,"992 - Document - Document Information, ABC","(link:calculationLink, link:definitionLink, link:presentationLink)"
i00202gd,conf/525-ix-syntax/efm/00-filing/i00202gd/i00202gd-20081231.xsd,http://i00202gd/role/EntityInformation,"991 - Document - Entity Information, ABC","(link:calculationLink, link:definitionLink, link:presentationLink)"
i00202gd,conf/525-ix-syntax/efm/00-filing/i00202gd/i00202gd-20081231.xsd,http://i00202gd/role/OtherInformation,"990 - Document - Other Information, ABC","(link:calculationLink, link:definitionLink, link:presentationLink)"
i00204gd,conf/525-ix-syntax/efm/00-filing/i00204gd/i00204gd-20081231.xsd,http://i00204gd/role/DocumentInformation,"992 - Document - Document Information, ABC","(link:calculationLink, link:definitionLink, link:presentationLink)"
i00204gd,conf/525-ix-syntax/efm/00-filing/i00204gd/i00204gd-20081231.xsd,http://i00204gd/role/OtherInformation,"990 - Document - Other Information, ABC","(link:calculationLink, link:definitionLink, link:presentationLink)"
i00204gd,conf/525-ix-syntax/efm/00-filing/i00204gd/i00204gd-20081231.xsd,http://i00204gd/role/EntityInformation,"991 - Document - Entity Information, ABC","(link:calculationLink, link:definitionLink, link:presentationLink)"
i00301ng,conf/525-ix-syntax/efm/00-filing/i00301ng/i00301ng-20081231.xsd,http://i00301ng/role/OtherInformation,"990 - Document - Other Information, ABC","(link:calculationLink, link:definitionLink, link:presentationLink)"
i00301ng,conf/525-ix-syntax/efm/00-filing/i00301ng/i00301ng-20081231.xsd,http://i00301ng/role/DocumentInformation,"992 - Document - Document Information, ABC","(link:calculationLink, link:definitionLink, link:presentationLink)"
i00301ng,conf/525-ix-syntax/efm/00-filing/i00301ng/i00301ng-20081231.xsd,http://i00301ng/role/EntityInformation,"991 - Document - Entity Information, ABC","(link:calculationLink, link:definitionLink, link:presentationLink)"
i00302ng,conf/525-ix-syntax/efm/00-filing/i00302ng/i00302ng-20081231.xsd,http://i00302ng/role/DocumentInformation,"992 - Document - Document Information, ABC","(link:calculationLink, link:definitionLink, link:presentationLink)"
i00302ng,conf/525-ix-syntax/efm/00-filing/i00302ng/i00302ng-20081231.xsd,http://i00302ng/role/OtherInformation,"990 - Document - Other Information, ABC","(link:calculationLink, link:definitionLink, link:presentationLink)"
i00302ng,conf/525-ix-syntax/efm/00-filing/i00302ng/i00302ng-20081231.xsd,http://i00302ng/role/EntityInformation,"991 - Document - Entity Information, ABC","(link:calculationLink, link:definitionLink, link:presentationLink)"
i00303ng,conf/525-ix-syntax/efm/00-filing/i00303ng/i00303ng-20081231.xsd,http://i00303ng/role/OtherInformation,"990 - Document - Other Information, ABC","(link:calculationLink, link:definitionLink, link:presentationLink)"
i00303ng,conf/525-ix-syntax/efm/00-filing/i00303ng/i00303ng-20081231.xsd,http://i00303ng/role/EntityInformation,"991 - Document - Entity Information, ABC","(link:calculationLink, link:definitionLink, link:presentationLink)"
i00303ng,conf/525-ix-syntax/efm/00-filing/i00303ng/i00303ng-20081231.xsd,http://i00303ng/role/DocumentInformation,"992 - Document - Document Information, ABC","(link:calculationLink, link:definitionLink, link:presentationLink)"
i00304gw,conf/525-ix-syntax/efm/00-filing/i00304gw/i00304gw-20081231.xsd,http://i00304gw/role/OtherInformation,"990 - Document - Other Information, ABC","(link:calculationLink, link:definitionLink, link:presentationLink)"
i00304gw,conf/525-ix-syntax/efm/00-filing/i00304gw/i00304gw-20081231.xsd,http://i00304gw/role/DocumentInformation,"992 - Document - Document Information, ABC","(link:calculationLink, link:definitionLink, link:presentationLink)"
i00304gw,conf/525-ix-syntax/efm/00-filing/i00304gw/i00304gw-20081231.xsd,http://i00304gw/role/EntityInformation,"991 - Document - Entity Information, ABC","(link:calculationLink, link:definitionLink, link:presentationLink)"
i00305ng,conf/525-ix-syntax/efm/00-filing/i00305ng/i00305ng-20081231.xsd,http://i00305ng/role/OtherInformation,"990 - Document - Other Information, ABC","(link:calculationLink, link:definitionLink, link:presentationLink)"
i00305ng,conf/525-ix-syntax/efm/00-filing/i00305ng/i00305ng-20081231.xsd,http://i00305ng/role/EntityInformation,"991 - Document - Entity Information, ABC","(link:calculationLink, link:definitionLink, link:presentationLink)"
i00305ng,conf/525-ix-syntax/efm/00-filing/i00305ng/i00305ng-20081231.xsd,http://i00305ng/role/DocumentInformation,"992 - Document - Document Information, ABC","(link:calculationLink, link:definitionLink, link:presentationLink)"
i00306ng,conf/525-ix-syntax/efm/00-filing/i00306ng/i00306ng-20081231.xsd,http://i00306ng/role/OtherInformation,"990 - Document - Other Information, ABC","(link:calculationLink, link:definitionLink, link:presentationLink)"
i00306ng,conf/525-ix-syntax/efm/00-filing/i00306ng/i00306ng-20081231.xsd,http://i00306ng/role/DocumentInformation,"992 - Document - Document Information, ABC","(link:calculationLink, link:definitionLink, link:presentationLink)"
i00306ng,conf/525-ix-syntax/efm/00-filing/i00306ng/i00306ng-20081231.xsd,http://i00306ng/role/EntityInformation,"991 - Document - Entity Information, ABC","(link:calculationLink, link:definitionLink, link:presentationLink)"
i00307ng,conf/525-ix-syntax/efm/00-filing/i00307ng/i00307ng-20081231.xsd,http://i00307ng/role/DocumentInformation,"992 - Document - Document Information, ABC","(link:calculationLink, link:definitionLink, link:presentationLink)"
i00307ng,conf/525-ix-syntax/efm/00-filing/i00307ng/i00307ng-20081231.xsd,http://i00307ng/role/EntityInformation,"991 - Document - Entity Information, ABC","(link:calculationLink, link:definitionLink, link:presentationLink)"
i00307ng,conf/525-ix-syntax/efm/00-filing/i00307ng/i00307ng-20081231.xsd,http://i00307ng/role/OtherInformation,"990 - Document - Other Information, ABC","(link:calculationLink, link:definitionLink, link:presentationLink)"
i00308ng,conf/525-ix-syntax/efm/00-filing/i00308ng/i00308ng-20081231.xsd,http://i00308ng/role/DocumentInformation,"992 - Document - Document Information, ABC","(link:calculationLink, link:definitionLink, link:presentationLink)"
i00308ng,conf/525-ix-syntax/efm/00-filing/i00308ng/i00308ng-20081231.xsd,http://i00308ng/role/OtherInformation,"990 - Document - Other Information, ABC","(link:calculationLink, link:definitionLink, link:presentationLink)"
i00308ng,conf/525-ix-syntax/efm/00-filing/i00308ng/i00308ng-20081231.xsd,http://i00308ng/role/EntityInformation,"991 - Document - Entity Information, ABC","(link:calculationLink, link:definitionLink, link:presentationLink)"
i00309ng,conf/525-ix-syntax/efm/00-filing/i00309ng/i00309ng-20081231.xsd,http://i00309ng/role/OtherInformation,"990 - Document - Other Information, ABC","(link:calculationLink, link:definitionLink, link:presentationLink)"
i00309ng,conf/525-ix-syntax/efm/00-filing/i00309ng/i00309ng-20081231.xsd,http://i00309ng/role/EntityInformation,"991 - Document - Entity Information, ABC","(link:calculationLink, link:definitionLink, link:presentationLink)"
i00309ng,conf/525-ix-syntax/efm/00-filing/i00309ng/i00309ng-20081231.xsd,http://i00309ng/role/DocumentInformation,"992 - Document - Document Information, ABC","(link:calculationLink, link:definitionLink, link:presentationLink)"
i00310ng,conf/525-ix-syntax/efm/00-filing/i00310ng/i00310ng-20081231.xsd,http://i00310ng/role/OtherInformation,"990 - Document - Other Information, ABC","(link:calculationLink, link:definitionLink, link:presentationLink)"
i00310ng,conf/525-ix-syntax/efm/00-filing/i00310ng/i00310ng-20081231.xsd,http://i00310ng/role/EntityInformation,"991 - Document - Entity Information, ABC","(link:calculationLink, link:definitionLink, link:presentationLink)"
i00310ng,conf/525-ix-syntax/efm/00-filing/i00310ng/i00310ng-20081231.xsd,http://i00310ng/role/DocumentInformation,"992 - Document - Document Information, ABC","(link:calculationLink, link:definitionLink, link:presentationLink)"
i00311ng,conf/525-ix-syntax/efm/00-filing/i00311ng/i00311ng-20081231.xsd,http://i00311ng/role/EntityInformation,"991 - Document - Entity Information, ABC","(link:calculationLink, link:definitionLink, link:presentationLink)"
i00311ng,conf/525-ix-syntax/efm/00-filing/i00311ng/i00311ng-20081231.xsd,http://i00311ng/role/DocumentInformation,"992 - Document - Document Information, ABC","(link:calculationLink, link:definitionLink, link:presentationLink)"
i00311ng,conf/525-ix-syntax/efm/00-filing/i00311ng/i00311ng-20081231.xsd,http://i00311ng/role/OtherInformation,"990 - Document - Other Information, ABC","(link:calculationLink, link:definitionLink, link:presentationLink)"
i00312ng,conf/525-ix-syntax/efm/00-filing/i00312ng/i00312ng-20081231.xsd,http://i00312ng/role/OtherInformation,"990 - Document - Other Information, ABC","(link:calculationLink, link:definitionLink, link:presentationLink)"
i00312ng,conf/525-ix-syntax/efm/00-filing/i00312ng/i00312ng-20081231.xsd,http://i00312ng/role/EntityInformation,"991 - Document - Entity Information, ABC","(link:calculationLink, link:definitionLink, link:presentationLink)"
i00312ng,conf/525-ix-syntax/efm/00-filing/i00312ng/i00312ng-20081231.xsd,http://i00312ng/role/DocumentInformation,"992 - Document - Document Information, ABC","(link:calculationLink, link:definitionLink, link:presentationLink)"
i00313ng,conf/525-ix-syntax/efm/00-filing/i00313ng/i00313ng-20081231.xsd,http://i00313ng/role/DocumentInformation,"992 - Document - Document Information, ABC","(link:calculationLink, link:definitionLink, link:presentationLink)"
i00313ng,conf/525-ix-syntax/efm/00-filing/i00313ng/i00313ng-20081231.xsd,http://i00313ng/role/OtherInformation,"990 - Document - Other Information, ABC","(link:calculationLink, link:definitionLink, link:presentationLink)"
i00313ng,conf/525-ix-syntax/efm/00-filing/i00313ng/i00313ng-20081231.xsd,http://i00313ng/role/EntityInformation,"991 - Document - Entity Information, ABC","(link:calculationLink, link:definitionLink, link:presentationLink)"
i00314ng,conf/525-ix-syntax/efm/00-filing/i00314ng/i00314ng-20081231.xsd,http://i00314ng/role/DocumentInformation,"992 - Document - Document Information, ABC","(link:calculationLink, link:definitionLink, link:presentationLink)"
i00314ng,conf/525-ix-syntax/efm/00-filing/i00314ng/i00314ng-20081231.xsd,http://i00314ng/role/OtherInformation,"990 - Document - Other Information, ABC","(link:calculationLink, link:definitionLink, link:presentationLink)"
i00314ng,conf/525-ix-syntax/efm/00-filing/i00314ng/i00314ng-20081231.xsd,http://i00314ng/role/EntityInformation,"991 - Document - Entity Information, ABC","(link:calculationLink, link:definitionLink, link:presentationLink)"
i00315ng,conf/525-ix-syntax/efm/00-filing/i00315ng/i00315ng-20081231.xsd,http://i00315ng/role/OtherInformation,"990 - Document - Other Information, ABC","(link:calculationLink, link:definitionLink, link:presentationLink)"
i00315ng,conf/525-ix-syntax/efm/00-filing/i00315ng/i00315ng-20081231.xsd,http://i00315ng/role/EntityInformation,"991 - Document - Entity Information, ABC","(link:calculationLink, link:definitionLink, link:presentationLink)"
i00315ng,conf/525-ix-syntax/efm/00-filing/i00315ng/i00315ng-20081231.xsd,http://i00315ng/role/DocumentInformation,"992 - Document - Document Information, ABC","(link:calculationLink, link:definitionLink, link:presentationLink)"
i00316ng,conf/525-ix-syntax/efm/00-filing/i00316ng/i00316ng-20081231.xsd,http://i00316ng/role/OtherInformation,"990 - Document - Other Information, ABC","(link:calculationLink, link:definitionLink, link:presentationLink)"
i00316ng,conf/525-ix-syntax/efm/00-filing/i00316ng/i00316ng-20081231.xsd,http://i00316ng/role/EntityInformation,"991 - Document - Entity Information, ABC","(link:calculationLink, link:definitionLink, link:presentationLink)"
i00316ng,conf/525-ix-syntax/efm/00-filing/i00316ng/i00316ng-20081231.xsd,http://i00316ng/role/DocumentInformation,"992 - Document - Document Information, ABC","(link:calculationLink, link:definitionLink, link:presentationLink)"
i00317ng,conf/525-ix-syntax/efm/00-filing/i00317ng/i00317ng-20081231.xsd,http://i00317ng/role/DocumentInformation,"992 - Document - Document Information, ABC","(link:calculationLink, link:definitionLink, link:presentationLink)"
i00317ng,conf/525-ix-syntax/efm/00-filing/i00317ng/i00317ng-20081231.xsd,http://i00317ng/role/OtherInformation,"990 - Document - Other Information, ABC","(link:calculationLink, link:definitionLink, link:presentationLink)"
i00317ng,conf/525-ix-syntax/efm/00-filing/i00317ng/i00317ng-20081231.xsd,http://i00317ng/role/EntityInformation,"991 - Document - Entity Information, ABC","(link:calculationLink, link:definitionLink, link:presentationLink)"
i00318ng,conf/525-ix-syntax/efm/00-filing/i00318ng/i00318ng-20081231.xsd,http://i00318ng/role/OtherInformation,"990 - Document - Other Information, ABC","(link:calculationLink, link:definitionLink, link:presentationLink)"
i00318ng,conf/525-ix-syntax/efm/00-filing/i00318ng/i00318ng-20081231.xsd,http://i00318ng/role/DocumentInformation,"992 - Document - Document Information, ABC","(link:calculationLink, link:definitionLink, link:presentationLink)"
i00318ng,conf/525-ix-syntax/efm/00-filing/i00318ng/i00318ng-20081231.xsd,http://i00318ng/role/EntityInformation,"991 - Document - Entity Information, ABC","(link:calculationLink, link:definitionLink, link:presentationLink)"
i00319ng,conf/525-ix-syntax/efm/00-filing/i00319ng/i00319ng-20081231.xsd,http://i00319ng/role/DocumentInformation,"992 - Document - Document Information, ABC","(link:calculationLink, link:definitionLink, link:presentationLink)"
i00319ng,conf/525-ix-syntax/efm/00-filing/i00319ng/i00319ng-20081231.xsd,http://i00319ng/role/EntityInformation,"991 - Document - Entity Information, ABC","(link:calculationLink, link:definitionLink, link:presentationLink)"
i00319ng,conf/525-ix-syntax/efm/00-filing/i00319ng/i00319ng-20081231.xsd,http://i00319ng/role/OtherInformation,"990 - Document - Other Information, ABC","(link:calculationLink, link:definitionLink, link:presentationLink)"
i00320ng,conf/525-ix-syntax/efm/00-filing/i00320ng/i00320ng-20081231.xsd,http://i00320ng/role/EntityInformation,"991 - Document - Entity Information, ABC","(link:calculationLink, link:definitionLink, link:presentationLink)"
i00320ng,conf/525-ix-syntax/efm/00-filing/i00320ng/i00320ng-20081231.xsd,http://i00320ng/role/OtherInformation,"990 - Document - Other Information, ABC","(link:calculationLink, link:definitionLink, link:presentationLink)"
i00320ng,conf/525-ix-syntax/efm/00-filing/i00320ng/i00320ng-20081231.xsd,http://i00320ng/role/DocumentInformation,"992 - Document - Document Information, ABC","(link:calculationLink, link:definitionLink, link:presentationLink)"
i00321ng,conf/525-ix-syntax/efm/00-filing/i00321ng/i00321ng-20081231.xsd,http://i00321ng/role/DocumentInformation,"992 - Document - Document Information, ABC","(link:calculationLink, link:definitionLink, link:presentationLink)"
i00321ng,conf/525-ix-syntax/efm/00-filing/i00321ng/i00321ng-20081231.xsd,http://i00321ng/role/OtherInformation,"990 - Document - Other Information, ABC","(link:calculationLink, link:definitionLink, link:presentationLink)"
i00321ng,conf/525-ix-syntax/efm/00-filing/i00321ng/i00321ng-20081231.xsd,http://i00321ng/role/EntityInformation,"991 - Document - Entity Information, ABC","(link:calculationLink, link:definitionLink, link:presentationLink)"
i00322ng,conf/525-ix-syntax/efm/00-filing/i00322ng/i00322ng-20081231.xsd,http://i00322ng/role/DocumentInformation,"992 - Document - Document Information, ABC","(link:calculationLink, link:definitionLink, link:presentationLink)"
i00322ng,conf/525-ix-syntax/efm/00-filing/i00322ng/i00322ng-20081231.xsd,http://i00322ng/role/EntityInformation,"991 - Document - Entity Information, ABC","(link:calculationLink, link:definitionLink, link:presentationLink)"
i00322ng,conf/525-ix-syntax/efm/00-filing/i00322ng/i00322ng-20081231.xsd,http://i00322ng/role/OtherInformation,"990 - Document - Other Information, ABC","(link:calculationLink, link:definitionLink, link:presentationLink)"
i00323ng,conf/525-ix-syntax/efm/00-filing/i00323ng/i00323ng-20081231.xsd,http://i00323ng/role/OtherInformation,"990 - Document - Other Information, ABC","(link:calculationLink, link:definitionLink, link:presentationLink)"
i00323ng,conf/525-ix-syntax/efm/00-filing/i00323ng/i00323ng-20081231.xsd,http://i00323ng/role/EntityInformation,"991 - Document - Entity Information, ABC","(link:calculationLink, link:definitionLink, link:presentationLink)"
i00323ng,conf/525-ix-syntax/efm/00-filing/i00323ng/i00323ng-20081231.xsd,http://i00323ng/role/DocumentInformation,"992 - Document - Document Information, ABC","(link:calculationLink, link:definitionLink, link:presentationLink)"
i00324ng,conf/525-ix-syntax/efm/00-filing/i00324ng/i00324ng-20081231.xsd,http://i00324ng/role/EntityInformation,"991 - Document - Entity Information, ABC","(link:calculationLink, link:definitionLink, link:presentationLink)"
i00324ng,conf/525-ix-syntax/efm/00-filing/i00324ng/i00324ng-20081231.xsd,http://i00324ng/role/DocumentInformation,"992 - Document - Document Information, ABC","(link:calculationLink, link:definitionLink, link:presentationLink)"
i00324ng,conf/525-ix-syntax/efm/00-filing/i00324ng/i00324ng-20081231.xsd,http://i00324ng/role/OtherInformation,"990 - Document - Other Information, ABC","(link:calculationLink, link:definitionLink, link:presentationLink)"
i00325ng,conf/525-ix-syntax/efm/00-filing/i00325ng/i00325ng-20081231.xsd,http://i00325ng/role/OtherInformation,"990 - Document - Other Information, ABC","(link:calculationLink, link:definitionLink, link:presentationLink)"
i00325ng,conf/525-ix-syntax/efm/00-filing/i00325ng/i00325ng-20081231.xsd,http://i00325ng/role/DocumentInformation,"992 - Document - Document Information, ABC","(link:calculationLink, link:definitionLink, link:presentationLink)"
i00325ng,conf/525-ix-syntax/efm/00-filing/i00325ng/i00325ng-20081231.xsd,http://i00325ng/role/EntityInformation,"991 - Document - Entity Information, ABC","(link:calculationLink, link:definitionLink, link:presentationLink)"
i00326ng,conf/525-ix-syntax/efm/00-filing/i00326ng/i00326ng-20081231.xsd,http://i00326ng/role/DocumentInformation,"992 - Document - Document Information, ABC","(link:calculationLink, link:definitionLink, link:presentationLink)"
i00326ng,conf/525-ix-syntax/efm/00-filing/i00326ng/i00326ng-20081231.xsd,http://i00326ng/role/EntityInformation,"991 - Document - Entity Information, ABC","(link:calculationLink, link:definitionLink, link:presentationLink)"
i00326ng,conf/525-ix-syntax/efm/00-filing/i00326ng/i00326ng-20081231.xsd,http://i00326ng/role/OtherInformation,"990 - Document - Other Information, ABC","(link:calculationLink, link:definitionLink, link:presentationLink)"
i00327ng,conf/525-ix-syntax/efm/00-filing/i00327ng/i00327ng-20081231.xsd,http://i00327ng/role/OtherInformation,"990 - Document - Other Information, ABC","(link:calculationLink, link:definitionLink, link:presentationLink)"
i00327ng,conf/525-ix-syntax/efm/00-filing/i00327ng/i00327ng-20081231.xsd,http://i00327ng/role/DocumentInformation,"992 - Document - Document Information, ABC","(link:calculationLink, link:definitionLink, link:presentationLink)"
i00327ng,conf/525-ix-syntax/efm/00-filing/i00327ng/i00327ng-20081231.xsd,http://i00327ng/role/EntityInformation,"991 - Document - Entity Information, ABC","(link:calculationLink, link:definitionLink, link:presentationLink)"
i00328ng,conf/525-ix-syntax/efm/00-filing/i00328ng/i00328ng-20081231.xsd,http://i00328ng/role/OtherInformation,"990 - Document - Other Information, ABC","(link:calculationLink, link:definitionLink, link:presentationLink)"
i00328ng,conf/525-ix-syntax/efm/00-filing/i00328ng/i00328ng-20081231.xsd,http://i00328ng/role/EntityInformation,"991 - Document - Entity Information, ABC","(link:calculationLink, link:definitionLink, link:presentationLink)"
i00328ng,conf/525-ix-syntax/efm/00-filing/i00328ng/i00328ng-20081231.xsd,http://i00328ng/role/DocumentInformation,"992 - Document - Document Information, ABC","(link:calculationLink, link:definitionLink, link:presentationLink)"
i00329ng,conf/525-ix-syntax/efm/00-filing/i00329ng/i00329ng-20081231.xsd,http://i00329ng/role/EntityInformation,"991 - Document - Entity Information, ABC","(link:calculationLink, link:definitionLink, link:presentationLink)"
i00329ng,conf/525-ix-syntax/efm/00-filing/i00329ng/i00329ng-20081231.xsd,http://i00329ng/role/DocumentInformation,"992 - Document - Document Information, ABC","(link:calculationLink, link:definitionLink, link:presentationLink)"
i00329ng,conf/525-ix-syntax/efm/00-filing/i00329ng/i00329ng-20081231.xsd,http://i00329ng/role/OtherInformation,"990 - Document - Other Information, ABC","(link:calculationLink, link:definitionLink, link:presentationLink)"
i00330ng,conf/525-ix-syntax/efm/00-filing/i00330ng/i00330ng-20081231.xsd,http://i00330ng/role/OtherInformation,"990 - Document - Other Information, ABC","(link:calculationLink, link:definitionLink, link:presentationLink)"
i00330ng,conf/525-ix-syntax/efm/00-filing/i00330ng/i00330ng-20081231.xsd,http://i00330ng/role/DocumentInformation,"992 - Document - Document Information, ABC","(link:calculationLink, link:definitionLink, link:presentationLink)"
i00330ng,conf/525-ix-syntax/efm/00-filing/i00330ng/i00330ng-20081231.xsd,http://i00330ng/role/EntityInformation,"991 - Document - Entity Information, ABC","(link:calculationLink, link:definitionLink, link:presentationLink)"
i00331ng,conf/525-ix-syntax/efm/00-filing/i00331ng/i00331ng-20081231.xsd,http://i00331ng/role/OtherInformation,"990 - Document - Other Information, ABC","(link:calculationLink, link:definitionLink, link:presentationLink)"
i00331ng,conf/525-ix-syntax/efm/00-filing/i00331ng/i00331ng-20081231.xsd,http://i00331ng/role/EntityInformation,"991 - Document - Entity Information, ABC","(link:calculationLink, link:definitionLink, link:presentationLink)"
i00331ng,conf/525-ix-syntax/efm/00-filing/i00331ng/i00331ng-20081231.xsd,http://i00331ng/role/DocumentInformation,"992 - Document - Document Information, ABC","(link:calculationLink, link:definitionLink, link:presentationLink)"
i00332ng,conf/525-ix-syntax/efm/00-filing/i00332ng/i00332ng-20081231.xsd,http://i00332ng/role/OtherInformation,"990 - Document - Other Information, ABC","(link:calculationLink, link:definitionLink, link:presentationLink)"
i00332ng,conf/525-ix-syntax/efm/00-filing/i00332ng/i00332ng-20081231.xsd,http://i00332ng/role/DocumentInformation,"992 - Document - Document Information, ABC","(link:calculationLink, link:definitionLink, link:presentationLink)"
i00332ng,conf/525-ix-syntax/efm/00-filing/i00332ng/i00332ng-20081231.xsd,http://i00332ng/role/EntityInformation,"991 - Document - Entity Information, ABC","(link:calculationLink, link:definitionLink, link:presentationLink)"
i00333ng,conf/525-ix-syntax/efm/00-filing/i00333ng/i00333ng-20081231.xsd,http://i00333ng/role/OtherInformation,"990 - Document - Other Information, ABC","(link:calculationLink, link:definitionLink, link:presentationLink)"
i00333ng,conf/525-ix-syntax/efm/00-filing/i00333ng/i00333ng-20081231.xsd,http://i00333ng/role/DocumentInformation,"992 - Document - Document Information, ABC","(link:calculationLink, link:definitionLink, link:presentationLink)"
i00333ng,conf/525-ix-syntax/efm/00-filing/i00333ng/i00333ng-20081231.xsd,http://i00333ng/role/EntityInformation,"991 - Document - Entity Information, ABC","(link:calculationLink, link:definitionLink, link:presentationLink)"
i00334ng,conf/525-ix-syntax/efm/00-filing/i00334ng/i00334ng-20081231.xsd,http://i00334ng/role/OtherInformation,"990 - Document - Other Information, ABC","(link:calculationLink, link:definitionLink, link:presentationLink)"
i00334ng,conf/525-ix-syntax/efm/00-filing/i00334ng/i00334ng-20081231.xsd,http://i00334ng/role/DocumentInformation,"992 - Document - Document Information, ABC","(link:calculationLink, link:definitionLink, link:presentationLink)"
i00334ng,conf/525-ix-syntax/efm/00-filing/i00334ng/i00334ng-20081231.xsd,http://i00334ng/role/EntityInformation,"991 - Document - Entity Information, ABC","(link:calculationLink, link:definitionLink, link:presentationLink)"
i00335ng,conf/525-ix-syntax/efm/00-filing/i00335ng/i00335ng-20081231.xsd,http://i00335ng/role/OtherInformation,"990 - Document - Other Information, ABC","(link:calculationLink, link:definitionLink, link:presentationLink)"
i00335ng,conf/525-ix-syntax/efm/00-filing/i00335ng/i00335ng-20081231.xsd,http://i00335ng/role/EntityInformation,"991 - Document - Entity Information, ABC","(link:calculationLink, link:definitionLink, link:presentationLink)"
i00335ng,conf/525-ix-syntax/efm/00-filing/i00335ng/i00335ng-20081231.xsd,http://i00335ng/role/DocumentInformation,"992 - Document - Document Information, ABC","(link:calculationLink, link:definitionLink, link:presentationLink)"
i00336ng,conf/525-ix-syntax/efm/00-filing/i00336ng/i00336ng-20081231.xsd,http://i00336ng/role/OtherInformation,"990 - Document - Other Information, ABC","(link:calculationLink, link:definitionLink, link:presentationLink)"
i00336ng,conf/525-ix-syntax/efm/00-filing/i00336ng/i00336ng-20081231.xsd,http://i00336ng/role/DocumentInformation,"992 - Document - Document Information, ABC","(link:calculationLink, link:definitionLink, link:presentationLink)"
i00336ng,conf/525-ix-syntax/efm/00-filing/i00336ng/i00336ng-20081231.xsd,http://i00336ng/role/EntityInformation,"991 - Document - Entity Information, ABC","(link:calculationLink, link:definitionLink, link:presentationLink)"
i00337ng,conf/525-ix-syntax/efm/00-filing/i00337ng/i00337ng-20081231.xsd,http://i00337ng/role/OtherInformation,"990 - Document - Other Information, ABC","(link:calculationLink, link:definitionLink, link:presentationLink)"
i00337ng,conf/525-ix-syntax/efm/00-filing/i00337ng/i00337ng-20081231.xsd,http://i00337ng/role/DocumentInformation,"992 - Document - Document Information, ABC","(link:calculationLink, link:definitionLink, link:presentationLink)"
i00337ng,conf/525-ix-syntax/efm/00-filing/i00337ng/i00337ng-20081231.xsd,http://i00337ng/role/EntityInformation,"991 - Document - Entity Information, ABC","(link:calculationLink, link:definitionLink, link:presentationLink)"
i00338ng,conf/525-ix-syntax/efm/00-filing/i00338ng/i00338ng-20081231.xsd,http://i00338ng/role/OtherInformation,"990 - Document - Other Information, ABC","(link:calculationLink, link:definitionLink, link:presentationLink)"
i00338ng,conf/525-ix-syntax/efm/00-filing/i00338ng/i00338ng-20081231.xsd,http://i00338ng/role/EntityInformation,"991 - Document - Entity Information, ABC","(link:calculationLink, link:definitionLink, link:presentationLink)"
i00338ng,conf/525-ix-syntax/efm/00-filing/i00338ng/i00338ng-20081231.xsd,http://i00338ng/role/DocumentInformation,"992 - Document - Document Information, ABC","(link:calculationLink, link:definitionLink, link:presentationLink)"
i00339ng,conf/525-ix-syntax/efm/00-filing/i00339ng/i00339ng-20081231.xsd,http://i00339ng/role/DocumentInformation,"992 - Document - Document Information, ABC","(link:calculationLink, link:definitionLink, link:presentationLink)"
i00339ng,conf/525-ix-syntax/efm/00-filing/i00339ng/i00339ng-20081231.xsd,http://i00339ng/role/OtherInformation,"990 - Document - Other Information, ABC","(link:calculationLink, link:definitionLink, link:presentationLink)"
i00339ng,conf/525-ix-syntax/efm/00-filing/i00339ng/i00339ng-20081231.xsd,http://i00339ng/role/EntityInformation,"991 - Document - Entity Information, ABC","(link:calculationLink, link:definitionLink, link:presentationLink)"
i00340ng,conf/525-ix-syntax/efm/00-filing/i00340ng/i00340ng-20081231.xsd,http://i00340ng/role/OtherInformation,"990 - Document - Other Information, ABC","(link:calculationLink, link:definitionLink, link:presentationLink)"
i00340ng,conf/525-ix-syntax/efm/00-filing/i00340ng/i00340ng-20081231.xsd,http://i00340ng/role/EntityInformation,"991 - Document - Entity Information, ABC","(link:calculationLink, link:definitionLink, link:presentationLink)"
i00340ng,conf/525-ix-syntax/efm/00-filing/i00340ng/i00340ng-20081231.xsd,http://i00340ng/role/DocumentInformation,"992 - Document - Document Information, ABC","(link:calculationLink, link:definitionLink, link:presentationLink)"
i00341ng,conf/525-ix-syntax/efm/00-filing/i00341ng/i00341ng-20081231.xsd,http://i00341ng/role/DocumentInformation,"992 - Document - Document Information, ABC","(link:calculationLink, link:definitionLink, link:presentationLink)"
i00341ng,conf/525-ix-syntax/efm/00-filing/i00341ng/i00341ng-20081231.xsd,http://i00341ng/role/OtherInformation,"990 - Document - Other Information, ABC","(link:calculationLink, link:definitionLink, link:presentationLink)"
i00341ng,conf/525-ix-syntax/efm/00-filing/i00341ng/i00341ng-20081231.xsd,http://i00341ng/role/EntityInformation,"991 - Document - Entity Information, ABC","(link:calculationLink, link:definitionLink, link:presentationLink)"
i00342ng,conf/525-ix-syntax/efm/00-filing/i00342ng/i00342ng-20081231.xsd,http://i00342ng/role/OtherInformation,"990 - Document - Other Information, ABC","(link:calculationLink, link:definitionLink, link:presentationLink)"
i00342ng,conf/525-ix-syntax/efm/00-filing/i00342ng/i00342ng-20081231.xsd,http://i00342ng/role/DocumentInformation,"992 - Document - Document Information, ABC","(link:calculationLink, link:definitionLink, link:presentationLink)"
i00342ng,conf/525-ix-syntax/efm/00-filing/i00342ng/i00342ng-20081231.xsd,http://i00342ng/role/EntityInformation,"991 - Document - Entity Information, ABC","(link:calculationLink, link:definitionLink, link:presentationLink)"
i00343ng,conf/525-ix-syntax/efm/00-filing/i00343ng/i00343ng-20081231.xsd,http://i00343ng/role/EntityInformation,"991 - Document - Entity Information, ABC","(link:calculationLink, link:definitionLink, link:presentationLink)"
i00343ng,conf/525-ix-syntax/efm/00-filing/i00343ng/i00343ng-20081231.xsd,http://i00343ng/role/OtherInformation,"990 - Document - Other Information, ABC","(link:calculationLink, link:definitionLink, link:presentationLink)"
i00343ng,conf/525-ix-syntax/efm/00-filing/i00343ng/i00343ng-20081231.xsd,http://i00343ng/role/DocumentInformation,"992 - Document - Document Information, ABC","(link:calculationLink, link:definitionLink, link:presentationLink)"
i00344ng,conf/525-ix-syntax/efm/00-filing/i00344ng/i00344ng-20081231.xsd,http://i00344ng/role/OtherInformation,"990 - Document - Other Information, ABC","(link:calculationLink, link:definitionLink, link:presentationLink)"
i00344ng,conf/525-ix-syntax/efm/00-filing/i00344ng/i00344ng-20081231.xsd,http://i00344ng/role/DocumentInformation,"992 - Document - Document Information, ABC","(link:calculationLink, link:definitionLink, link:presentationLink)"
i00344ng,conf/525-ix-syntax/efm/00-filing/i00344ng/i00344ng-20081231.xsd,http://i00344ng/role/EntityInformation,"991 - Document - Entity Information, ABC","(link:calculationLink, link:definitionLink, link:presentationLink)"
i00345ng,conf/525-ix-syntax/efm/00-filing/i00345ng/i00345ng-20081231.xsd,http://i00345ng/role/EntityInformation,"991 - Document - Entity Information, ABC","(link:calculationLink, link:definitionLink, link:presentationLink)"
i00345ng,conf/525-ix-syntax/efm/00-filing/i00345ng/i00345ng-20081231.xsd,http://i00345ng/role/OtherInformation,"990 - Document - Other Information, ABC","(link:calculationLink, link:definitionLink, link:presentationLink)"
i00345ng,conf/525-ix-syntax/efm/00-filing/i00345ng/i00345ng-20081231.xsd,http://i00345ng/role/DocumentInformation,"992 - Document - Document Information, ABC","(link:calculationLink, link:definitionLink, link:presentationLink)"
i00346ng,conf/525-ix-syntax/efm/00-filing/i00346ng/i00346ng-20081231.xsd,http://i00346ng/role/DocumentInformation,"992 - Document - Document Information, ABC","(link:calculationLink, link:definitionLink, link:presentationLink)"
i00346ng,conf/525-ix-syntax/efm/00-filing/i00346ng/i00346ng-20081231.xsd,http://i00346ng/role/EntityInformation,"991 - Document - Entity Information, ABC","(link:calculationLink, link:definitionLink, link:presentationLink)"
i00346ng,conf/525-ix-syntax/efm/00-filing/i00346ng/i00346ng-20081231.xsd,http://i00346ng/role/OtherInformation,"990 - Document - Other Information, ABC","(link:calculationLink, link:definitionLink, link:presentationLink)"
i00347ng,conf/525-ix-syntax/efm/00-filing/i00347ng/i00347ng-20081231.xsd,http://i00347ng/role/EntityInformation,"991 - Document - Entity Information, ABC","(link:calculationLink, link:definitionLink, link:presentationLink)"
i00347ng,conf/525-ix-syntax/efm/00-filing/i00347ng/i00347ng-20081231.xsd,http://i00347ng/role/DocumentInformation,"992 - Document - Document Information, ABC","(link:calculationLink, link:definitionLink, link:presentationLink)"
i00347ng,conf/525-ix-syntax/efm/00-filing/i00347ng/i00347ng-20081231.xsd,http://i00347ng/role/OtherInformation,"990 - Document - Other Information, ABC","(link:calculationLink, link:definitionLink, link:presentationLink)"
i00348ng,conf/525-ix-syntax/efm/00-filing/i00348ng/i00348ng-20081231.xsd,http://i00348ng/role/OtherInformation,"990 - Document - Other Information, ABC","(link:calculationLink, link:definitionLink, link:presentationLink)"
i00348ng,conf/525-ix-syntax/efm/00-filing/i00348ng/i00348ng-20081231.xsd,http://i00348ng/role/EntityInformation,"991 - Document - Entity Information, ABC","(link:calculationLink, link:definitionLink, link:presentationLink)"
i00348ng,conf/525-ix-syntax/efm/00-filing/i00348ng/i00348ng-20081231.xsd,http://i00348ng/role/DocumentInformation,"992 - Document - Document Information, ABC","(link:calculationLink, link:definitionLink, link:presentationLink)"
i00349ng,conf/525-ix-syntax/efm/00-filing/i00349ng/i00349ng-20081231.xsd,http://i00349ng/role/DocumentInformation,"992 - Document - Document Information, ABC","(link:calculationLink, link:definitionLink, link:presentationLink)"
i00349ng,conf/525-ix-syntax/efm/00-filing/i00349ng/i00349ng-20081231.xsd,http://i00349ng/role/OtherInformation,"990 - Document - Other Information, ABC","(link:calculationLink, link:definitionLink, link:presentationLink)"
i00349ng,conf/525-ix-syntax/efm/00-filing/i00349ng/i00349ng-20081231.xsd,http://i00349ng/role/EntityInformation,"991 - Document - Entity Information, ABC","(link:calculationLink, link:definitionLink, link:presentationLink)"
i00350ng,conf/525-ix-syntax/efm/00-filing/i00350ng/i00350ng-20081231.xsd,http://i00350ng/role/EntityInformation,"991 - Document - Entity Information, ABC","(link:calculationLink, link:definitionLink, link:presentationLink)"
i00350ng,conf/525-ix-syntax/efm/00-filing/i00350ng/i00350ng-20081231.xsd,http://i00350ng/role/DocumentInformation,"992 - Document - Document Information, ABC","(link:calculationLink, link:definitionLink, link:presentationLink)"
i00350ng,conf/525-ix-syntax/efm/00-filing/i00350ng/i00350ng-20081231.xsd,http://i00350ng/role/OtherInformation,"990 - Document - Other Information, ABC","(link:calculationLink, link:definitionLink, link:presentationLink)"
i00351ng,conf/525-ix-syntax/efm/00-filing/i00351ng/i00351ng-20081231.xsd,http://i00351ng/role/OtherInformation,"990 - Document - Other Information, ABC","(link:calculationLink, link:definitionLink, link:presentationLink)"
i00351ng,conf/525-ix-syntax/efm/00-filing/i00351ng/i00351ng-20081231.xsd,http://i00351ng/role/EntityInformation,"991 - Document - Entity Information, ABC","(link:calculationLink, link:definitionLink, link:presentationLink)"
i00351ng,conf/525-ix-syntax/efm/00-filing/i00351ng/i00351ng-20081231.xsd,http://i00351ng/role/DocumentInformation,"992 - Document - Document Information, ABC","(link:calculationLink, link:definitionLink, link:presentationLink)"
i00352ng,conf/525-ix-syntax/efm/00-filing/i00352ng/i00352ng-20081231.xsd,http://i00352ng/role/OtherInformation,"990 - Document - Other Information, ABC","(link:calculationLink, link:definitionLink, link:presentationLink)"
i00352ng,conf/525-ix-syntax/efm/00-filing/i00352ng/i00352ng-20081231.xsd,http://i00352ng/role/EntityInformation,"991 - Document - Entity Information, ABC","(link:calculationLink, link:definitionLink, link:presentationLink)"
i00352ng,conf/525-ix-syntax/efm/00-filing/i00352ng/i00352ng-20081231.xsd,http://i00352ng/role/DocumentInformation,"992 - Document - Document Information, ABC","(link:calculationLink, link:definitionLink, link:presentationLink)"
i00353ng,conf/525-ix-syntax/efm/00-filing/i00353ng/i00353ng-20081231.xsd,http://i00353ng/role/OtherInformation,"990 - Document - Other Information, ABC","(link:calculationLink, link:definitionLink, link:presentationLink)"
i00353ng,conf/525-ix-syntax/efm/00-filing/i00353ng/i00353ng-20081231.xsd,http://i00353ng/role/EntityInformation,"991 - Document - Entity Information, ABC","(link:calculationLink, link:definitionLink, link:presentationLink)"
i00353ng,conf/525-ix-syntax/efm/00-filing/i00353ng/i00353ng-20081231.xsd,http://i00353ng/role/DocumentInformation,"992 - Document - Document Information, ABC","(link:calculationLink, link:definitionLink, link:presentationLink)"
i00354ng,conf/525-ix-syntax/efm/00-filing/i00354ng/i00354ng-20081231.xsd,http://i00354ng/role/OtherInformation,"990 - Document - Other Information, ABC","(link:calculationLink, link:definitionLink, link:presentationLink)"
i00354ng,conf/525-ix-syntax/efm/00-filing/i00354ng/i00354ng-20081231.xsd,http://i00354ng/role/EntityInformation,"991 - Document - Entity Information, ABC","(link:calculationLink, link:definitionLink, link:presentationLink)"
i00354ng,conf/525-ix-syntax/efm/00-filing/i00354ng/i00354ng-20081231.xsd,http://i00354ng/role/DocumentInformation,"992 - Document - Document Information, ABC","(link:calculationLink, link:definitionLink, link:presentationLink)"
i00355ng,conf/525-ix-syntax/efm/00-filing/i00355ng/i00355ng-20081231.xsd,http://i00355ng/role/EntityInformation,"991 - Document - Entity Information, ABC","(link:calculationLink, link:definitionLink, link:presentationLink)"
i00355ng,conf/525-ix-syntax/efm/00-filing/i00355ng/i00355ng-20081231.xsd,http://i00355ng/role/DocumentInformation,"992 - Document - Document Information, ABC","(link:calculationLink, link:definitionLink, link:presentationLink)"
i00355ng,conf/525-ix-syntax/efm/00-filing/i00355ng/i00355ng-20081231.xsd,http://i00355ng/role/OtherInformation,"990 - Document - Other Information, ABC","(link:calculationLink, link:definitionLink, link:presentationLink)"
i00356ng,conf/525-ix-syntax/efm/00-filing/i00356ng/i00356ng-20081231.xsd,http://i00356ng/role/OtherInformation,"990 - Document - Other Information, ABC","(link:calculationLink, link:definitionLink, link:presentationLink)"
i00356ng,conf/525-ix-syntax/efm/00-filing/i00356ng/i00356ng-20081231.xsd,http://i00356ng/role/DocumentInformation,"992 - Document - Document Information, ABC","(link:calculationLink, link:definitionLink, link:presentationLink)"
i00356ng,conf/525-ix-syntax/efm/00-filing/i00356ng/i00356ng-20081231.xsd,http://i00356ng/role/EntityInformation,"991 - Document - Entity Information, ABC","(link:calculationLink, link:definitionLink, link:presentationLink)"
i00357ng,conf/525-ix-syntax/efm/00-filing/i00357ng/i00357ng-20081231.xsd,http://i00357ng/role/DocumentInformation,"992 - Document - Document Information, ABC","(link:calculationLink, link:definitionLink, link:presentationLink)"
i00357ng,conf/525-ix-syntax/efm/00-filing/i00357ng/i00357ng-20081231.xsd,http://i00357ng/role/EntityInformation,"991 - Document - Entity Information, ABC","(link:calculationLink, link:definitionLink, link:presentationLink)"
i00357ng,conf/525-ix-syntax/efm/00-filing/i00357ng/i00357ng-20081231.xsd,http://i00357ng/role/OtherInformation,"990 - Document - Other Information, ABC","(link:calculationLink, link:definitionLink, link:presentationLink)"
i00358ng,conf/525-ix-syntax/efm/00-filing/i00358ng/i00358ng-20081231.xsd,http://i00358ng/role/DocumentInformation,"992 - Document - Document Information, ABC","(link:calculationLink, link:definitionLink, link:presentationLink)"
i00358ng,conf/525-ix-syntax/efm/00-filing/i00358ng/i00358ng-20081231.xsd,http://i00358ng/role/EntityInformation,"991 - Document - Entity Information, ABC","(link:calculationLink, link:definitionLink, link:presentationLink)"
i00358ng,conf/525-ix-syntax/efm/00-filing/i00358ng/i00358ng-20081231.xsd,http://i00358ng/role/OtherInformation,"990 - Document - Other Information, ABC","(link:calculationLink, link:definitionLink, link:presentationLink)"
i00359ng,conf/525-ix-syntax/efm/00-filing/i00359ng/i00359ng-20081231.xsd,http://i00359ng/role/OtherInformation,"990 - Document - Other Information, ABC","(link:calculationLink, link:definitionLink, link:presentationLink)"
i00359ng,conf/525-ix-syntax/efm/00-filing/i00359ng/i00359ng-20081231.xsd,http://i00359ng/role/DocumentInformation,"992 - Document - Document Information, ABC","(link:calculationLink, link:definitionLink, link:presentationLink)"
i00359ng,conf/525-ix-syntax/efm/00-filing/i00359ng/i00359ng-20081231.xsd,http://i00359ng/role/EntityInformation,"991 - Document - Entity Information, ABC","(link:calculationLink, link:definitionLink, link:presentationLink)"
i00360ng,conf/525-ix-syntax/efm/00-filing/i00360ng/i00360ng-20081231.xsd,http://i00360ng/role/OtherInformation,"990 - Document - Other Information, ABC","(link:calculationLink, link:definitionLink, link:presentationLink)"
i00360ng,conf/525-ix-syntax/efm/00-filing/i00360ng/i00360ng-20081231.xsd,http://i00360ng/role/EntityInformation,"991 - Document - Entity Information, ABC","(link:calculationLink, link:definitionLink, link:presentationLink)"
i00360ng,conf/525-ix-syntax/efm/00-filing/i00360ng/i00360ng-20081231.xsd,http://i00360ng/role/DocumentInformation,"992 - Document - Document Information, ABC","(link:calculationLink, link:definitionLink, link:presentationLink)"
i00361ng,conf/525-ix-syntax/efm/00-filing/i00361ng/i00361ng-20081231.xsd,http://i00361ng/role/EntityInformation,"991 - Document - Entity Information, ABC","(link:calculationLink, link:definitionLink, link:presentationLink)"
i00361ng,conf/525-ix-syntax/efm/00-filing/i00361ng/i00361ng-20081231.xsd,http://i00361ng/role/DocumentInformation,"992 - Document - Document Information, ABC","(link:calculationLink, link:definitionLink, link:presentationLink)"
i00361ng,conf/525-ix-syntax/efm/00-filing/i00361ng/i00361ng-20081231.xsd,http://i00361ng/role/OtherInformation,"990 - Document - Other Information, ABC","(link:calculationLink, link:definitionLink, link:presentationLink)"
i00362ng,conf/525-ix-syntax/efm/00-filing/i00362ng/i00362ng-20081231.xsd,http://i00362ng/role/EntityInformation,"991 - Document - Entity Information, ABC","(link:calculationLink, link:definitionLink, link:presentationLink)"
i00362ng,conf/525-ix-syntax/efm/00-filing/i00362ng/i00362ng-20081231.xsd,http://i00362ng/role/DocumentInformation,"992 - Document - Document Information, ABC","(link:calculationLink, link:definitionLink, link:presentationLink)"
i00362ng,conf/525-ix-syntax/efm/00-filing/i00362ng/i00362ng-20081231.xsd,http://i00362ng/role/OtherInformation,"990 - Document - Other Information, ABC","(link:calculationLink, link:definitionLink, link:presentationLink)"
i00363ng,conf/525-ix-syntax/efm/00-filing/i00363ng/i00363ng-20081231.xsd,http://i00363ng/role/OtherInformation,"990 - Document - Other Information, ABC","(link:calculationLink, link:definitionLink, link:presentationLink)"
i00363ng,conf/525-ix-syntax/efm/00-filing/i00363ng/i00363ng-20081231.xsd,http://i00363ng/role/DocumentInformation,"992 - Document - Document Information, ABC","(link:calculationLink, link:definitionLink, link:presentationLink)"
i00363ng,conf/525-ix-syntax/efm/00-filing/i00363ng/i00363ng-20081231.xsd,http://i00363ng/role/EntityInformation,"991 - Document - Entity Information, ABC","(link:calculationLink, link:definitionLink, link:presentationLink)"
i00364ng,conf/525-ix-syntax/efm/00-filing/i00364ng/i00364ng-20081231.xsd,http://i00364ng/role/EntityInformation,"991 - Document - Entity Information, ABC","(link:calculationLink, link:definitionLink, link:presentationLink)"
i00364ng,conf/525-ix-syntax/efm/00-filing/i00364ng/i00364ng-20081231.xsd,http://i00364ng/role/DocumentInformation,"992 - Document - Document Information, ABC","(link:calculationLink, link:definitionLink, link:presentationLink)"
i00364ng,conf/525-ix-syntax/efm/00-filing/i00364ng/i00364ng-20081231.xsd,http://i00364ng/role/OtherInformation,"990 - Document - Other Information, ABC","(link:calculationLink, link:definitionLink, link:presentationLink)"
i00365ng,conf/525-ix-syntax/efm/00-filing/i00365ng/i00365ng-20081231.xsd,http://i00365ng/role/DocumentInformation,"992 - Document - Document Information, ABC","(link:calculationLink, link:definitionLink, link:presentationLink)"
i00365ng,conf/525-ix-syntax/efm/00-filing/i00365ng/i00365ng-20081231.xsd,http://i00365ng/role/OtherInformation,"990 - Document - Other Information, ABC","(link:calculationLink, link:definitionLink, link:presentationLink)"
i00365ng,conf/525-ix-syntax/efm/00-filing/i00365ng/i00365ng-20081231.xsd,http://i00365ng/role/EntityInformation,"991 - Document - Entity Information, ABC","(link:calculationLink, link:definitionLink, link:presentationLink)"
i00366ng,conf/525-ix-syntax/efm/00-filing/i00366ng/i00366ng-20081231.xsd,http://i00366ng/role/EntityInformation,"991 - Document - Entity Information, ABC","(link:calculationLink, link:definitionLink, link:presentationLink)"
i00366ng,conf/525-ix-syntax/efm/00-filing/i00366ng/i00366ng-20081231.xsd,http://i00366ng/role/DocumentInformation,"992 - Document - Document Information, ABC","(link:calculationLink, link:definitionLink, link:presentationLink)"
i00366ng,conf/525-ix-syntax/efm/00-filing/i00366ng/i00366ng-20081231.xsd,http://i00366ng/role/OtherInformation,"990 - Document - Other Information, ABC","(link:calculationLink, link:definitionLink, link:presentationLink)"
i00367ng,conf/525-ix-syntax/efm/00-filing/i00367ng/i00367ng-20081231.xsd,http://i00367ng/role/EntityInformation,"991 - Document - Entity Information, ABC","(link:calculationLink, link:definitionLink, link:presentationLink)"
i00367ng,conf/525-ix-syntax/efm/00-filing/i00367ng/i00367ng-20081231.xsd,http://i00367ng/role/OtherInformation,"990 - Document - Other Information, ABC","(link:calculationLink, link:definitionLink, link:presentationLink)"
i00367ng,conf/525-ix-syntax/efm/00-filing/i00367ng/i00367ng-20081231.xsd,http://i00367ng/role/DocumentInformation,"992 - Document - Document Information, ABC","(link:calculationLink, link:definitionLink, link:presentationLink)"
i00368ng,conf/525-ix-syntax/efm/00-filing/i00368ng/i00368ng-20081231.xsd,http://i00368ng/role/DocumentInformation,"992 - Document - Document Information, ABC","(link:calculationLink, link:definitionLink, link:presentationLink)"
i00368ng,conf/525-ix-syntax/efm/00-filing/i00368ng/i00368ng-20081231.xsd,http://i00368ng/role/EntityInformation,"991 - Document - Entity Information, ABC","(link:calculationLink, link:definitionLink, link:presentationLink)"
i00368ng,conf/525-ix-syntax/efm/00-filing/i00368ng/i00368ng-20081231.xsd,http://i00368ng/role/OtherInformation,"990 - Document - Other Information, ABC","(link:calculationLink, link:definitionLink, link:presentationLink)"
i00369ng,conf/525-ix-syntax/efm/00-filing/i00369ng/i00369ng-20081231.xsd,http://i00369ng/role/DocumentInformation,"992 - Document - Document Information, ABC","(link:calculationLink, link:definitionLink, link:presentationLink)"
i00369ng,conf/525-ix-syntax/efm/00-filing/i00369ng/i00369ng-20081231.xsd,http://i00369ng/role/EntityInformation,"991 - Document - Entity Information, ABC","(link:calculationLink, link:definitionLink, link:presentationLink)"
i00369ng,conf/525-ix-syntax/efm/00-filing/i00369ng/i00369ng-20081231.xsd,http://i00369ng/role/OtherInformation,"990 - Document - Other Information, ABC","(link:calculationLink, link:definitionLink, link:presentationLink)"
i00370ng,conf/525-ix-syntax/efm/00-filing/i00370ng/i00370ng-20081231.xsd,http://i00370ng/role/EntityInformation,"991 - Document - Entity Information, ABC","(link:calculationLink, link:definitionLink, link:presentationLink)"
i00370ng,conf/525-ix-syntax/efm/00-filing/i00370ng/i00370ng-20081231.xsd,http://i00370ng/role/OtherInformation,"990 - Document - Other Information, ABC","(link:calculationLink, link:definitionLink, link:presentationLink)"
i00370ng,conf/525-ix-syntax/efm/00-filing/i00370ng/i00370ng-20081231.xsd,http://i00370ng/role/DocumentInformation,"992 - Document - Document Information, ABC","(link:calculationLink, link:definitionLink, link:presentationLink)"
i00371ng,conf/525-ix-syntax/efm/00-filing/i00371ng/i00371ng-20081231.xsd,http://i00371ng/role/EntityInformation,"991 - Document - Entity Information, ABC","(link:calculationLink, link:definitionLink, link:presentationLink)"
i00371ng,conf/525-ix-syntax/efm/00-filing/i00371ng/i00371ng-20081231.xsd,http://i00371ng/role/DocumentInformation,"992 - Document - Document Information, ABC","(link:calculationLink, link:definitionLink, link:presentationLink)"
i00371ng,conf/525-ix-syntax/efm/00-filing/i00371ng/i00371ng-20081231.xsd,http://i00371ng/role/OtherInformation,"990 - Document - Other Information, ABC","(link:calculationLink, link:definitionLink, link:presentationLink)"
i00372ng,conf/525-ix-syntax/efm/00-filing/i00372ng/i00372ng-20081231.xsd,http://i00372ng/role/EntityInformation,"991 - Document - Entity Information, ABC","(link:calculationLink, link:definitionLink, link:presentationLink)"
i00372ng,conf/525-ix-syntax/efm/00-filing/i00372ng/i00372ng-20081231.xsd,http://i00372ng/role/OtherInformation,"990 - Document - Other Information, ABC","(link:calculationLink, link:definitionLink, link:presentationLink)"
i00372ng,conf/525-ix-syntax/efm/00-filing/i00372ng/i00372ng-20081231.xsd,http://i00372ng/role/DocumentInformation,"992 - Document - Document Information, ABC","(link:calculationLink, link:definitionLink, link:presentationLink)"
i00373ng,conf/525-ix-syntax/efm/00-filing/i00373ng/i00373ng-20081231.xsd,http://i00373ng/role/DocumentInformation,"992 - Document - Document Information, ABC","(link:calculationLink, link:definitionLink, link:presentationLink)"
i00373ng,conf/525-ix-syntax/efm/00-filing/i00373ng/i00373ng-20081231.xsd,http://i00373ng/role/OtherInformation,"990 - Document - Other Information, ABC","(link:calculationLink, link:definitionLink, link:presentationLink)"
i00373ng,conf/525-ix-syntax/efm/00-filing/i00373ng/i00373ng-20081231.xsd,http://i00373ng/role/EntityInformation,"991 - Document - Entity Information, ABC","(link:calculationLink, link:definitionLink, link:presentationLink)"
i00374ng,conf/525-ix-syntax/efm/00-filing/i00374ng/i00374ng-20081231.xsd,http://i00374ng/role/DocumentInformation,"992 - Document - Document Information, ABC","(link:calculationLink, link:definitionLink, link:presentationLink)"
i00374ng,conf/525-ix-syntax/efm/00-filing/i00374ng/i00374ng-20081231.xsd,http://i00374ng/role/EntityInformation,"991 - Document - Entity Information, ABC","(link:calculationLink, link:definitionLink, link:presentationLink)"
i00374ng,conf/525-ix-syntax/efm/00-filing/i00374ng/i00374ng-20081231.xsd,http://i00374ng/role/OtherInformation,"990 - Document - Other Information, ABC","(link:calculationLink, link:definitionLink, link:presentationLink)"
i00375ng,conf/525-ix-syntax/efm/00-filing/i00375ng/i00375ng-20081231.xsd,http://i00375ng/role/EntityInformation,"991 - Document - Entity Information, ABC","(link:calculationLink, link:definitionLink, link:presentationLink)"
i00375ng,conf/525-ix-syntax/efm/00-filing/i00375ng/i00375ng-20081231.xsd,http://i00375ng/role/OtherInformation,"990 - Document - Other Information, ABC","(link:calculationLink, link:definitionLink, link:presentationLink)"
i00375ng,conf/525-ix-syntax/efm/00-filing/i00375ng/i00375ng-20081231.xsd,http://i00375ng/role/DocumentInformation,"992 - Document - Document Information, ABC","(link:calculationLink, link:definitionLink, link:presentationLink)"
i00376gw,conf/525-ix-syntax/efm/00-filing/i00376gw/i00376gw-20081231.xsd,http://i00376gw/role/DocumentInformation,"992 - Document - Document Information, ABC","(link:calculationLink, link:definitionLink, link:presentationLink)"
i00376gw,conf/525-ix-syntax/efm/00-filing/i00376gw/i00376gw-20081231.xsd,http://i00376gw/role/OtherInformation,"990 - Document - Other Information, ABC","(link:calculationLink, link:definitionLink, link:presentationLink)"
i00376gw,conf/525-ix-syntax/efm/00-filing/i00376gw/i00376gw-20081231.xsd,http://i00376gw/role/EntityInformation,"991 - Document - Entity Information, ABC","(link:calculationLink, link:definitionLink, link:presentationLink)"
i00377gw,conf/525-ix-syntax/efm/00-filing/i00377gw/i00377gw-20081231.xsd,http://i00377gw/role/OtherInformation,"990 - Document - Other Information, ABC","(link:calculationLink, link:definitionLink, link:presentationLink)"
i00377gw,conf/525-ix-syntax/efm/00-filing/i00377gw/i00377gw-20081231.xsd,http://i00377gw/role/EntityInformation,"991 - Document - Entity Information, ABC","(link:calculationLink, link:definitionLink, link:presentationLink)"
i00377gw,conf/525-ix-syntax/efm/00-filing/i00377gw/i00377gw-20081231.xsd,http://i00377gw/role/DocumentInformation,"992 - Document - Document Information, ABC","(link:calculationLink, link:definitionLink, link:presentationLink)"
i00378ng,conf/525-ix-syntax/efm/00-filing/i00378ng/i00378ng-20081231.xsd,http://i00378ng/role/EntityInformation,"991 - Document - Entity Information, ABC","(link:calculationLink, link:definitionLink, link:presentationLink)"
i00378ng,conf/525-ix-syntax/efm/00-filing/i00378ng/i00378ng-20081231.xsd,http://i00378ng/role/OtherInformation,"990 - Document - Other Information, ABC","(link:calculationLink, link:definitionLink, link:presentationLink)"
i00378ng,conf/525-ix-syntax/efm/00-filing/i00378ng/i00378ng-20081231.xsd,http://i00378ng/role/DocumentInformation,"992 - Document - Document Information, ABC","(link:calculationLink, link:definitionLink, link:presentationLink)"
i00379ng,conf/525-ix-syntax/efm/00-filing/i00379ng/i00379ng-20081231.xsd,http://i00379ng/role/EntityInformation,"991 - Document - Entity Information, ABC","(link:calculationLink, link:definitionLink, link:presentationLink)"
i00379ng,conf/525-ix-syntax/efm/00-filing/i00379ng/i00379ng-20081231.xsd,http://i00379ng/role/OtherInformation,"990 - Document - Other Information, ABC","(link:calculationLink, link:definitionLink, link:presentationLink)"
i00379ng,conf/525-ix-syntax/efm/00-filing/i00379ng/i00379ng-20081231.xsd,http://i00379ng/role/DocumentInformation,"992 - Document - Document Information, ABC","(link:calculationLink, link:definitionLink, link:presentationLink)"
