i00200gd,/Users/campbellpryde/Downloads/efm-68d-231120/conf/525-ix-syntax/efm/00-filing/i00200gd/i00200gd-20081231.xsd,http://i00200gd/20081231
i00201gd,/Users/campbellpryde/Downloads/efm-68d-231120/conf/525-ix-syntax/efm/00-filing/i00201gd/i00201gd-20081231.xsd,http://i00201gd/20081231
i00202gd,/Users/campbellpryde/Downloads/efm-68d-231120/conf/525-ix-syntax/efm/00-filing/i00202gd/i00202gd-20081231.xsd,http://i00202gd/20081231
i00203gd,/Users/campbellpryde/Downloads/efm-68d-231120/conf/525-ix-syntax/efm/00-filing/i00203gd/i00203gd-20081231.xsd,http://i00203gd/20081231
i00204gd,/Users/campbellpryde/Downloads/efm-68d-231120/conf/525-ix-syntax/efm/00-filing/i00204gd/i00204gd-20081231.xsd,http://i00204gd/20081231
i00210gd,/Users/campbellpryde/Downloads/efm-68d-231120/conf/525-ix-syntax/efm/00-filing/i00210gd/i00210gd-20081231.xsd,http://i00210gd/20081231
i00211gd,/Users/campbellpryde/Downloads/efm-68d-231120/conf/525-ix-syntax/efm/00-filing/i00211gd/i00211gd-20081231.xsd,http://i00211gd/20081231
i00301ng,/Users/campbellpryde/Downloads/efm-68d-231120/conf/525-ix-syntax/efm/00-filing/i00301ng/i00301ng-20081231.xsd,http://i00301ng/20081231
i00302ng,/Users/campbellpryde/Downloads/efm-68d-231120/conf/525-ix-syntax/efm/00-filing/i00302ng/i00302ng-20081231.xsd,http://i00302ng/20081231
i00303ng,/Users/campbellpryde/Downloads/efm-68d-231120/conf/525-ix-syntax/efm/00-filing/i00303ng/i00303ng-20081231.xsd,http://i00303ng/20081231
i00304gw,/Users/campbellpryde/Downloads/efm-68d-231120/conf/525-ix-syntax/efm/00-filing/i00304gw/i00304gw-20081231.xsd,http://i00304gw/20081231
i00305ng,/Users/campbellpryde/Downloads/efm-68d-231120/conf/525-ix-syntax/efm/00-filing/i00305ng/i00305ng-20081231.xsd,http://i00305ng/20081231
i00306ng,/Users/campbellpryde/Downloads/efm-68d-231120/conf/525-ix-syntax/efm/00-filing/i00306ng/i00306ng-20081231.xsd,http://i00306ng/20081231
i00307ng,/Users/campbellpryde/Downloads/efm-68d-231120/conf/525-ix-syntax/efm/00-filing/i00307ng/i00307ng-20081231.xsd,http://i00307ng/20081231
i00308ng,/Users/campbellpryde/Downloads/efm-68d-231120/conf/525-ix-syntax/efm/00-filing/i00308ng/i00308ng-20081231.xsd,http://i00308ng/20081231
i00309ng,/Users/campbellpryde/Downloads/efm-68d-231120/conf/525-ix-syntax/efm/00-filing/i00309ng/i00309ng-20081231.xsd,http://i00309ng/20081231
i00310ng,/Users/campbellpryde/Downloads/efm-68d-231120/conf/525-ix-syntax/efm/00-filing/i00310ng/i00310ng-20081231.xsd,http://i00310ng/20081231
i00311ng,/Users/campbellpryde/Downloads/efm-68d-231120/conf/525-ix-syntax/efm/00-filing/i00311ng/i00311ng-20081231.xsd,http://i00311ng/20081231
i00312ng,/Users/campbellpryde/Downloads/efm-68d-231120/conf/525-ix-syntax/efm/00-filing/i00312ng/i00312ng-20081231.xsd,http://i00312ng/20081231
i00313ng,/Users/campbellpryde/Downloads/efm-68d-231120/conf/525-ix-syntax/efm/00-filing/i00313ng/i00313ng-20081231.xsd,http://i00313ng/20081231
i00314ng,/Users/campbellpryde/Downloads/efm-68d-231120/conf/525-ix-syntax/efm/00-filing/i00314ng/i00314ng-20081231.xsd,http://i00314ng/20081231
i00315ng,/Users/campbellpryde/Downloads/efm-68d-231120/conf/525-ix-syntax/efm/00-filing/i00315ng/i00315ng-20081231.xsd,http://i00315ng/20081231
i00316ng,/Users/campbellpryde/Downloads/efm-68d-231120/conf/525-ix-syntax/efm/00-filing/i00316ng/i00316ng-20081231.xsd,http://i00316ng/20081231
i00317ng,/Users/campbellpryde/Downloads/efm-68d-231120/conf/525-ix-syntax/efm/00-filing/i00317ng/i00317ng-20081231.xsd,http://i00317ng/20081231
i00318ng,/Users/campbellpryde/Downloads/efm-68d-231120/conf/525-ix-syntax/efm/00-filing/i00318ng/i00318ng-20081231.xsd,http://i00318ng/20081231
i00319ng,/Users/campbellpryde/Downloads/efm-68d-231120/conf/525-ix-syntax/efm/00-filing/i00319ng/i00319ng-20081231.xsd,http://i00319ng/20081231
i00320ng,/Users/campbellpryde/Downloads/efm-68d-231120/conf/525-ix-syntax/efm/00-filing/i00320ng/i00320ng-20081231.xsd,http://i00320ng/20081231
i00321ng,/Users/campbellpryde/Downloads/efm-68d-231120/conf/525-ix-syntax/efm/00-filing/i00321ng/i00321ng-20081231.xsd,http://i00321ng/20081231
i00322ng,/Users/campbellpryde/Downloads/efm-68d-231120/conf/525-ix-syntax/efm/00-filing/i00322ng/i00322ng-20081231.xsd,http://i00322ng/20081231
i00323ng,/Users/campbellpryde/Downloads/efm-68d-231120/conf/525-ix-syntax/efm/00-filing/i00323ng/i00323ng-20081231.xsd,http://i00323ng/20081231
i00324ng,/Users/campbellpryde/Downloads/efm-68d-231120/conf/525-ix-syntax/efm/00-filing/i00324ng/i00324ng-20081231.xsd,http://i00324ng/20081231
i00325ng,/Users/campbellpryde/Downloads/efm-68d-231120/conf/525-ix-syntax/efm/00-filing/i00325ng/i00325ng-20081231.xsd,http://i00325ng/20081231
i00326ng,/Users/campbellpryde/Downloads/efm-68d-231120/conf/525-ix-syntax/efm/00-filing/i00326ng/i00326ng-20081231.xsd,http://i00326ng/20081231
i00327ng,/Users/campbellpryde/Downloads/efm-68d-231120/conf/525-ix-syntax/efm/00-filing/i00327ng/i00327ng-20081231.xsd,http://i00327ng/20081231
i00328ng,/Users/campbellpryde/Downloads/efm-68d-231120/conf/525-ix-syntax/efm/00-filing/i00328ng/i00328ng-20081231.xsd,http://i00328ng/20081231
i00329ng,/Users/campbellpryde/Downloads/efm-68d-231120/conf/525-ix-syntax/efm/00-filing/i00329ng/i00329ng-20081231.xsd,http://i00329ng/20081231
i00330ng,/Users/campbellpryde/Downloads/efm-68d-231120/conf/525-ix-syntax/efm/00-filing/i00330ng/i00330ng-20081231.xsd,http://i00330ng/20081231
i00331ng,/Users/campbellpryde/Downloads/efm-68d-231120/conf/525-ix-syntax/efm/00-filing/i00331ng/i00331ng-20081231.xsd,http://i00331ng/20081231
i00332ng,/Users/campbellpryde/Downloads/efm-68d-231120/conf/525-ix-syntax/efm/00-filing/i00332ng/i00332ng-20081231.xsd,http://i00332ng/20081231
i00333ng,/Users/campbellpryde/Downloads/efm-68d-231120/conf/525-ix-syntax/efm/00-filing/i00333ng/i00333ng-20081231.xsd,http://i00333ng/20081231
i00334ng,/Users/campbellpryde/Downloads/efm-68d-231120/conf/525-ix-syntax/efm/00-filing/i00334ng/i00334ng-20081231.xsd,http://i00334ng/20081231
i00335ng,/Users/campbellpryde/Downloads/efm-68d-231120/conf/525-ix-syntax/efm/00-filing/i00335ng/i00335ng-20081231.xsd,http://i00335ng/20081231
i00336ng,/Users/campbellpryde/Downloads/efm-68d-231120/conf/525-ix-syntax/efm/00-filing/i00336ng/i00336ng-20081231.xsd,http://i00336ng/20081231
i00337ng,/Users/campbellpryde/Downloads/efm-68d-231120/conf/525-ix-syntax/efm/00-filing/i00337ng/i00337ng-20081231.xsd,http://i00337ng/20081231
i00338ng,/Users/campbellpryde/Downloads/efm-68d-231120/conf/525-ix-syntax/efm/00-filing/i00338ng/i00338ng-20081231.xsd,http://i00338ng/20081231
i00339ng,/Users/campbellpryde/Downloads/efm-68d-231120/conf/525-ix-syntax/efm/00-filing/i00339ng/i00339ng-20081231.xsd,http://i00339ng/20081231
i00340ng,/Users/campbellpryde/Downloads/efm-68d-231120/conf/525-ix-syntax/efm/00-filing/i00340ng/i00340ng-20081231.xsd,http://i00340ng/20081231
i00341ng,/Users/campbellpryde/Downloads/efm-68d-231120/conf/525-ix-syntax/efm/00-filing/i00341ng/i00341ng-20081231.xsd,http://i00341ng/20081231
i00342ng,/Users/campbellpryde/Downloads/efm-68d-231120/conf/525-ix-syntax/efm/00-filing/i00342ng/i00342ng-20081231.xsd,http://i00342ng/20081231
i00343ng,/Users/campbellpryde/Downloads/efm-68d-231120/conf/525-ix-syntax/efm/00-filing/i00343ng/i00343ng-20081231.xsd,http://i00343ng/20081231
i00344ng,/Users/campbellpryde/Downloads/efm-68d-231120/conf/525-ix-syntax/efm/00-filing/i00344ng/i00344ng-20081231.xsd,http://i00344ng/20081231
i00345ng,/Users/campbellpryde/Downloads/efm-68d-231120/conf/525-ix-syntax/efm/00-filing/i00345ng/i00345ng-20081231.xsd,http://i00345ng/20081231
i00346ng,/Users/campbellpryde/Downloads/efm-68d-231120/conf/525-ix-syntax/efm/00-filing/i00346ng/i00346ng-20081231.xsd,http://i00346ng/20081231
i00347ng,/Users/campbellpryde/Downloads/efm-68d-231120/conf/525-ix-syntax/efm/00-filing/i00347ng/i00347ng-20081231.xsd,http://i00347ng/20081231
i00348ng,/Users/campbellpryde/Downloads/efm-68d-231120/conf/525-ix-syntax/efm/00-filing/i00348ng/i00348ng-20081231.xsd,http://i00348ng/20081231
i00349ng,/Users/campbellpryde/Downloads/efm-68d-231120/conf/525-ix-syntax/efm/00-filing/i00349ng/i00349ng-20081231.xsd,http://i00349ng/20081231
i00350ng,/Users/campbellpryde/Downloads/efm-68d-231120/conf/525-ix-syntax/efm/00-filing/i00350ng/i00350ng-20081231.xsd,http://i00350ng/20081231
i00351ng,/Users/campbellpryde/Downloads/efm-68d-231120/conf/525-ix-syntax/efm/00-filing/i00351ng/i00351ng-20081231.xsd,http://i00351ng/20081231
i00352ng,/Users/campbellpryde/Downloads/efm-68d-231120/conf/525-ix-syntax/efm/00-filing/i00352ng/i00352ng-20081231.xsd,http://i00352ng/20081231
i00353ng,/Users/campbellpryde/Downloads/efm-68d-231120/conf/525-ix-syntax/efm/00-filing/i00353ng/i00353ng-20081231.xsd,http://i00353ng/20081231
i00354ng,/Users/campbellpryde/Downloads/efm-68d-231120/conf/525-ix-syntax/efm/00-filing/i00354ng/i00354ng-20081231.xsd,http://i00354ng/20081231
i00355ng,/Users/campbellpryde/Downloads/efm-68d-231120/conf/525-ix-syntax/efm/00-filing/i00355ng/i00355ng-20081231.xsd,http://i00355ng/20081231
i00356ng,/Users/campbellpryde/Downloads/efm-68d-231120/conf/525-ix-syntax/efm/00-filing/i00356ng/i00356ng-20081231.xsd,http://i00356ng/20081231
i00357ng,/Users/campbellpryde/Downloads/efm-68d-231120/conf/525-ix-syntax/efm/00-filing/i00357ng/i00357ng-20081231.xsd,http://i00357ng/20081231
i00358ng,/Users/campbellpryde/Downloads/efm-68d-231120/conf/525-ix-syntax/efm/00-filing/i00358ng/i00358ng-20081231.xsd,http://i00358ng/20081231
i00359ng,/Users/campbellpryde/Downloads/efm-68d-231120/conf/525-ix-syntax/efm/00-filing/i00359ng/i00359ng-20081231.xsd,http://i00359ng/20081231
i00360ng,/Users/campbellpryde/Downloads/efm-68d-231120/conf/525-ix-syntax/efm/00-filing/i00360ng/i00360ng-20081231.xsd,http://i00360ng/20081231
i00361ng,/Users/campbellpryde/Downloads/efm-68d-231120/conf/525-ix-syntax/efm/00-filing/i00361ng/i00361ng-20081231.xsd,http://i00361ng/20081231
i00362ng,/Users/campbellpryde/Downloads/efm-68d-231120/conf/525-ix-syntax/efm/00-filing/i00362ng/i00362ng-20081231.xsd,http://i00362ng/20081231
i00363ng,/Users/campbellpryde/Downloads/efm-68d-231120/conf/525-ix-syntax/efm/00-filing/i00363ng/i00363ng-20081231.xsd,http://i00363ng/20081231
i00364ng,/Users/campbellpryde/Downloads/efm-68d-231120/conf/525-ix-syntax/efm/00-filing/i00364ng/i00364ng-20081231.xsd,http://i00364ng/20081231
i00365ng,/Users/campbellpryde/Downloads/efm-68d-231120/conf/525-ix-syntax/efm/00-filing/i00365ng/i00365ng-20081231.xsd,http://i00365ng/20081231
i00366ng,/Users/campbellpryde/Downloads/efm-68d-231120/conf/525-ix-syntax/efm/00-filing/i00366ng/i00366ng-20081231.xsd,http://i00366ng/20081231
i00367ng,/Users/campbellpryde/Downloads/efm-68d-231120/conf/525-ix-syntax/efm/00-filing/i00367ng/i00367ng-20081231.xsd,http://i00367ng/20081231
i00368ng,/Users/campbellpryde/Downloads/efm-68d-231120/conf/525-ix-syntax/efm/00-filing/i00368ng/i00368ng-20081231.xsd,http://i00368ng/20081231
i00369ng,/Users/campbellpryde/Downloads/efm-68d-231120/conf/525-ix-syntax/efm/00-filing/i00369ng/i00369ng-20081231.xsd,http://i00369ng/20081231
i00370ng,/Users/campbellpryde/Downloads/efm-68d-231120/conf/525-ix-syntax/efm/00-filing/i00370ng/i00370ng-20081231.xsd,http://i00370ng/20081231
i00371ng,/Users/campbellpryde/Downloads/efm-68d-231120/conf/525-ix-syntax/efm/00-filing/i00371ng/i00371ng-20081231.xsd,http://i00371ng/20081231
i00372ng,/Users/campbellpryde/Downloads/efm-68d-231120/conf/525-ix-syntax/efm/00-filing/i00372ng/i00372ng-20081231.xsd,http://i00372ng/20081231
i00373ng,/Users/campbellpryde/Downloads/efm-68d-231120/conf/525-ix-syntax/efm/00-filing/i00373ng/i00373ng-20081231.xsd,http://i00373ng/20081231
i00374ng,/Users/campbellpryde/Downloads/efm-68d-231120/conf/525-ix-syntax/efm/00-filing/i00374ng/i00374ng-20081231.xsd,http://i00374ng/20081231
i00375ng,/Users/campbellpryde/Downloads/efm-68d-231120/conf/525-ix-syntax/efm/00-filing/i00375ng/i00375ng-20081231.xsd,http://i00375ng/20081231
i00376gw,/Users/campbellpryde/Downloads/efm-68d-231120/conf/525-ix-syntax/efm/00-filing/i00376gw/i00376gw-20081231.xsd,http://i00376gw/20081231
i00377gw,/Users/campbellpryde/Downloads/efm-68d-231120/conf/525-ix-syntax/efm/00-filing/i00377gw/i00377gw-20081231.xsd,http://i00377gw/20081231
i00378ng,/Users/campbellpryde/Downloads/efm-68d-231120/conf/525-ix-syntax/efm/00-filing/i00378ng/i00378ng-20081231.xsd,http://i00378ng/20081231
i00379ng,/Users/campbellpryde/Downloads/efm-68d-231120/conf/525-ix-syntax/efm/00-filing/i00379ng/i00379ng-20081231.xsd,http://i00379ng/20081231
i00380ng,/Users/campbellpryde/Downloads/efm-68d-231120/conf/525-ix-syntax/efm/00-filing/i00380ng/i00380ng-20081231.xsd,http://i00380ng/20081231
i00381ng,/Users/campbellpryde/Downloads/efm-68d-231120/conf/525-ix-syntax/efm/00-filing/i00381ng/i00381ng-20081231.xsd,http://i00381ng/20081231
i00382ng,/Users/campbellpryde/Downloads/efm-68d-231120/conf/525-ix-syntax/efm/00-filing/i00382ng/i00382ng-20081231.xsd,http://i00382ng/20081231
i00383ng,/Users/campbellpryde/Downloads/efm-68d-231120/conf/525-ix-syntax/efm/00-filing/i00383ng/i00383ng-20081231.xsd,http://i00383ng/20081231
i01200gd,/Users/campbellpryde/Downloads/efm-68d-231120/conf/525-ix-syntax/efm/01-format/i01200gd/i01200gd-20081231.xsd,http://i01200gd/20081231
i02010gd,/Users/campbellpryde/Downloads/efm-68d-231120/conf/525-ix-syntax/efm/02-transform/i02010gd/i02001gd-20081231.xsd,http://i02001gd/20081231
i02011gd,/Users/campbellpryde/Downloads/efm-68d-231120/conf/525-ix-syntax/efm/02-transform/i02011gd/i02001gd-20081231.xsd,http://i02001gd/20081231
i02012gd,/Users/campbellpryde/Downloads/efm-68d-231120/conf/525-ix-syntax/efm/02-transform/i02012gd/i02002gd-20081231.xsd,http://i02002gd/20081231
i02013gd,/Users/campbellpryde/Downloads/efm-68d-231120/conf/525-ix-syntax/efm/02-transform/i02013gd/i02002gd-20081231.xsd,http://i02002gd/20081231
i02020ng,/Users/campbellpryde/Downloads/efm-68d-231120/conf/525-ix-syntax/efm/02-transform/i02020ng/i02001gd-20081231.xsd,http://i02001gd/20081231
i02021ng,/Users/campbellpryde/Downloads/efm-68d-231120/conf/525-ix-syntax/efm/02-transform/i02021ng/i02001gd-20081231.xsd,http://i02001gd/20081231
i02200gd,/Users/campbellpryde/Downloads/efm-68d-231120/conf/525-ix-syntax/efm/02-transform/i02200gd/i02200gd-20081231.xsd,http://i02200gd/20081231
i02201gd,/Users/campbellpryde/Downloads/efm-68d-231120/conf/525-ix-syntax/efm/02-transform/i02201gd/i02201gd-20081231.xsd,http://i02201gd/20081231
i02202gd,/Users/campbellpryde/Downloads/efm-68d-231120/conf/525-ix-syntax/efm/02-transform/i02202gd/i02202gd-20081231.xsd,http://i02202gd/20081231
i02203gd,/Users/campbellpryde/Downloads/efm-68d-231120/conf/525-ix-syntax/efm/02-transform/i02203gd/i02203gd-20081231.xsd,http://i02203gd/20081231
i02204gd,/Users/campbellpryde/Downloads/efm-68d-231120/conf/525-ix-syntax/efm/02-transform/i02204gd/i02204gd-20081231.xsd,http://i02204gd/20081231
i02210ng,/Users/campbellpryde/Downloads/efm-68d-231120/conf/525-ix-syntax/efm/02-transform/i02210ng/i02200gd-20081231.xsd,http://i02200gd/20081231
i02211ng,/Users/campbellpryde/Downloads/efm-68d-231120/conf/525-ix-syntax/efm/02-transform/i02211ng/i02200gd-20081231.xsd,http://i02200gd/20081231
i02212ng,/Users/campbellpryde/Downloads/efm-68d-231120/conf/525-ix-syntax/efm/02-transform/i02212ng/i02200gd-20081231.xsd,http://i02200gd/20081231
i02213ng,/Users/campbellpryde/Downloads/efm-68d-231120/conf/525-ix-syntax/efm/02-transform/i02213ng/i02200gd-20081231.xsd,http://i02200gd/20081231
i02214ng,/Users/campbellpryde/Downloads/efm-68d-231120/conf/525-ix-syntax/efm/02-transform/i02214ng/i02200gd-20081231.xsd,http://i02200gd/20081231
i02215ng,/Users/campbellpryde/Downloads/efm-68d-231120/conf/525-ix-syntax/efm/02-transform/i02215ng/i02200gd-20081231.xsd,http://i02200gd/20081231
i02216ng,/Users/campbellpryde/Downloads/efm-68d-231120/conf/525-ix-syntax/efm/02-transform/i02216ng/i02202gd-20081231.xsd,http://i02202gd/20081231
i02217ng,/Users/campbellpryde/Downloads/efm-68d-231120/conf/525-ix-syntax/efm/02-transform/i02217ng/i02217ng-20081231.xsd,http://i02002gd/20081231
i04200gd,/Users/campbellpryde/Downloads/efm-68d-231120/conf/525-ix-syntax/efm/04-nonnumeric/i04200gd/i04200gd-20081231.xsd,http://i04200gd/20081231
i04202gd,/Users/campbellpryde/Downloads/efm-68d-231120/conf/525-ix-syntax/efm/04-nonnumeric/i04202gd/i04202gd-20081231.xsd,http://i04202gd/20081231
i09203gd,/Users/campbellpryde/Downloads/efm-68d-231120/conf/525-ix-syntax/efm/09-footnote/i09203gd/i09203gd-20081231.xsd,http://i09203gd/20081231
i09204gd,/Users/campbellpryde/Downloads/efm-68d-231120/conf/525-ix-syntax/efm/09-footnote/i09204gd/i09204gd-20081231.xsd,http://i09204gd/20081231
i09205gd,/Users/campbellpryde/Downloads/efm-68d-231120/conf/525-ix-syntax/efm/09-footnote/i09205gd/i09205gd-20081231.xsd,http://i09205gd/20081231
i09206gd,/Users/campbellpryde/Downloads/efm-68d-231120/conf/525-ix-syntax/efm/09-footnote/i09206gd/i09206gd-20081231.xsd,http://i09206gd/20081231
i10201gw,/Users/campbellpryde/Downloads/efm-68d-231120/conf/525-ix-syntax/efm/10-header/i10201gw/i10201gw-20081231.xsd,http://i10201gw/20081231
i11201gd,/Users/campbellpryde/Downloads/efm-68d-231120/conf/525-ix-syntax/efm/11-hidden/i11201gd/i11201gd-20081231.xsd,http://i11201gd/20081231
i11202gw,/Users/campbellpryde/Downloads/efm-68d-231120/conf/525-ix-syntax/efm/11-hidden/i11202gw/i11202gw-20081231.xsd,http://i11202gw/20081231
i11203gd,/Users/campbellpryde/Downloads/efm-68d-231120/conf/525-ix-syntax/efm/11-hidden/i11203gd/i11203gd-20081231.xsd,http://i11203gd/20081231
i11204gw,/Users/campbellpryde/Downloads/efm-68d-231120/conf/525-ix-syntax/efm/11-hidden/i11204gw/i11204gw-20081231.xsd,http://i11204gw/20081231
i11205gw,/Users/campbellpryde/Downloads/efm-68d-231120/conf/525-ix-syntax/efm/11-hidden/i11205gw/i11205gw-20081231.xsd,http://i11205gw/20081231
i11206gw,/Users/campbellpryde/Downloads/efm-68d-231120/conf/525-ix-syntax/efm/11-hidden/i11206gw/i11206gw-20081231.xsd,http://i11206gw/20081231
i11208gd,/Users/campbellpryde/Downloads/efm-68d-231120/conf/525-ix-syntax/efm/11-hidden/i11208gd/i11208gd-20081231.xsd,http://i11208gd/20081231
i11209gw,/Users/campbellpryde/Downloads/efm-68d-231120/conf/525-ix-syntax/efm/11-hidden/i11209gw/i11209gw-20081231.xsd,http://i11209gw/20081231
i11210gw,/Users/campbellpryde/Downloads/efm-68d-231120/conf/525-ix-syntax/efm/11-hidden/i11210gw/i11210gw-20081231.xsd,http://i11210gw/20081231
i11211gw,/Users/campbellpryde/Downloads/efm-68d-231120/conf/525-ix-syntax/efm/11-hidden/i11211gw/i11211gw-20081231.xsd,http://i11211gw/20081231
i11212gw,/Users/campbellpryde/Downloads/efm-68d-231120/conf/525-ix-syntax/efm/11-hidden/i11212gw/i11212gw-20081231.xsd,http://i11212gw/20081231
i11213gw,/Users/campbellpryde/Downloads/efm-68d-231120/conf/525-ix-syntax/efm/11-hidden/i11213gw/i11213gw-20081231.xsd,http://i11213gw/20081231
i11214gw,/Users/campbellpryde/Downloads/efm-68d-231120/conf/525-ix-syntax/efm/11-hidden/i11214gw/i11214gw-20081231.xsd,http://i11214gw/20081231
i11302ng,/Users/campbellpryde/Downloads/efm-68d-231120/conf/525-ix-syntax/efm/11-hidden/i11302ng/i11302ng-20081231.xsd,http://i11302ng/20081231
i12301ng,/Users/campbellpryde/Downloads/efm-68d-231120/conf/525-ix-syntax/efm/12-references/i12301ng/i12301ng-20081231.xsd,http://i12301ng/20081231
i12010gd,/Users/campbellpryde/Downloads/efm-68d-231120/conf/525-ix-syntax/efm/16-redlining/i12010gd/i09203gd-20081231.xsd,http://i09203gd/20081231
i12020gd,,
i18301ng,/Users/campbellpryde/Downloads/efm-68d-231120/conf/525-ix-syntax/efm/18-tuple/i18301ng/i18301ng-20081231.xsd,http://i18301ng/20081231
i19201gd,,
i19202gd,,
i19203gd,/Users/campbellpryde/Downloads/efm-68d-231120/conf/525-ix-syntax/efm/19-multiio/i19203gd/i19203gd-20081231.xsd,http://i19203gd/20081231
i19204gd,/Users/campbellpryde/Downloads/efm-68d-231120/conf/525-ix-syntax/efm/19-multiio/i19204gd/i19204gd-20081231.xsd,http://i19204gd/20081231
i19205gd,,
i19206gd,/Users/campbellpryde/Downloads/efm-68d-231120/conf/525-ix-syntax/efm/19-multiio/i19206gd/i19206gd-20081231.xsd,http://i19206gd/20081231
i19207gd,,
i19301ng,/Users/campbellpryde/Downloads/efm-68d-231120/conf/525-ix-syntax/efm/19-multiio/i19301ng/i19301ng-20081231.xsd,http://i19301ng/20081231
i19302ng,/Users/campbellpryde/Downloads/efm-68d-231120/conf/525-ix-syntax/efm/19-multiio/i19302ng/i19302ng-20081231.xsd,http://i19302ng/20081231
i19303ng,/Users/campbellpryde/Downloads/efm-68d-231120/conf/525-ix-syntax/efm/19-multiio/i19303ng/i19303ng-20081231.xsd,http://i19303ng/20081231
i20301ng,/Users/campbellpryde/Downloads/efm-68d-231120/conf/525-ix-syntax/efm/20-fraction/i20301ng/i20301ng-20081231.xsd,http://i20301ng/20081231
i21200gd,/Users/campbellpryde/Downloads/efm-68d-231120/conf/525-ix-syntax/efm/21-duplicates/i21200gd/i21200gd-20081231.xsd,http://i21200gd/20081231
i21201gd,/Users/campbellpryde/Downloads/efm-68d-231120/conf/525-ix-syntax/efm/21-duplicates/i21201gd/i21201gd-20081231.xsd,http://i21201gd/20081231
i21301ng,/Users/campbellpryde/Downloads/efm-68d-231120/conf/525-ix-syntax/efm/21-duplicates/i21301ng/i21301ng-20081231.xsd,http://i21301ng/20081231
i21401gd,/Users/campbellpryde/Downloads/efm-68d-231120/conf/525-ix-syntax/efm/21-duplicates/i21401gd/i21401gd-20081231.xsd,http://i21401gd/20081231
i21402ng,/Users/campbellpryde/Downloads/efm-68d-231120/conf/525-ix-syntax/efm/21-duplicates/i21402ng/i21402ng-20081231.xsd,http://i21402ng/20081231
i21403gd,/Users/campbellpryde/Downloads/efm-68d-231120/conf/525-ix-syntax/efm/21-duplicates/i21403gd/i21403gd-20081231.xsd,http://i21403gd/20081231
i21404ng,/Users/campbellpryde/Downloads/efm-68d-231120/conf/525-ix-syntax/efm/21-duplicates/i21404ng/i21404ng-20081231.xsd,http://i21404ng/20081231
i21405ng,/Users/campbellpryde/Downloads/efm-68d-231120/conf/525-ix-syntax/efm/21-duplicates/i21405ng/i21405ng-20081231.xsd,http://i21405ng/20081231
i22201gd,/Users/campbellpryde/Downloads/efm-68d-231120/conf/525-ix-syntax/efm/22-forms/i22201gd/i22201gd-20081231.xsd,http://i22201gd/20081231
i22202gd,/Users/campbellpryde/Downloads/efm-68d-231120/conf/525-ix-syntax/efm/22-forms/i22202gd/i22202gd-20081231.xsd,http://i22202gd/20081231
i22203gd,/Users/campbellpryde/Downloads/efm-68d-231120/conf/525-ix-syntax/efm/22-forms/i22203gd/i22203gd-20081231.xsd,http://i22203gd.com/20130529
i22205gd,/Users/campbellpryde/Downloads/efm-68d-231120/conf/525-ix-syntax/efm/22-forms/i22205gd/i22205gd-20081231.xsd,http://i22205gd/20081231
i22206gd,/Users/campbellpryde/Downloads/efm-68d-231120/conf/525-ix-syntax/efm/22-forms/i22206gd/i22206gd-20081231.xsd,http://i22206gd.com/20130529
i22207gd,/Users/campbellpryde/Downloads/efm-68d-231120/conf/525-ix-syntax/efm/22-forms/i22207gd/i22207gd-20081231.xsd,http://i22207gd/20081231
i22208gd,/Users/campbellpryde/Downloads/efm-68d-231120/conf/525-ix-syntax/efm/22-forms/i22208gd/i22208gd-20081231.xsd,http://i22208gd.com/20130529
i22209gd,/Users/campbellpryde/Downloads/efm-68d-231120/conf/525-ix-syntax/efm/22-forms/i22209gd/i22209gd-20081231.xsd,http://i22209gd/20081231
i22210gd,/Users/campbellpryde/Downloads/efm-68d-231120/conf/525-ix-syntax/efm/22-forms/i22210gd/i22210gd-20081231.xsd,http://i22210gd/20081231
i22211gd,/Users/campbellpryde/Downloads/efm-68d-231120/conf/525-ix-syntax/efm/22-forms/i22211gd/i22211gd-20081231.xsd,http://i22211gd/20081231
i22212gd,/Users/campbellpryde/Downloads/efm-68d-231120/conf/525-ix-syntax/efm/22-forms/i22212gd/i22212gd-20081231.xsd,http://i22212gd/20081231
i22213gd,/Users/campbellpryde/Downloads/efm-68d-231120/conf/525-ix-syntax/efm/22-forms/i22213gd/i22213gd-20081231.xsd,http://i22213gd/20081231
i22214gd,/Users/campbellpryde/Downloads/efm-68d-231120/conf/525-ix-syntax/efm/22-forms/i22214gd/i22214gd-20081231.xsd,http://i22214gd/20081231
i22215gd,/Users/campbellpryde/Downloads/efm-68d-231120/conf/525-ix-syntax/efm/22-forms/i22215gd/i22215gd-20081231.xsd,http://i22215gd/20081231
i22216gd,/Users/campbellpryde/Downloads/efm-68d-231120/conf/525-ix-syntax/efm/22-forms/i22216gd/i22216gd-20081231.xsd,http://i22216gd.com/20130529
i22217gd,/Users/campbellpryde/Downloads/efm-68d-231120/conf/525-ix-syntax/efm/22-forms/i22217gd/i22217gd-20081231.xsd,http://i22217gd/20081231
i22218gd,/Users/campbellpryde/Downloads/efm-68d-231120/conf/525-ix-syntax/efm/22-forms/i22218gd/edgar-20181231.xsd,http://edgar/20181231
i22219gd,/Users/campbellpryde/Downloads/efm-68d-231120/conf/525-ix-syntax/efm/22-forms/i22219gd/edgar-20181231.xsd,http://edgar/20181231
i22220gd,/Users/campbellpryde/Downloads/efm-68d-231120/conf/525-ix-syntax/efm/22-forms/i22220gd/edgar-20181231.xsd,http://edgar/20181231
i22221gd,/Users/campbellpryde/Downloads/efm-68d-231120/conf/525-ix-syntax/efm/22-forms/i22221gd/edgar-20181231.xsd,http://edgar/20181231
i22222gd,/Users/campbellpryde/Downloads/efm-68d-231120/conf/525-ix-syntax/efm/22-forms/i22222gd/eifrs-20181231.xsd,http://eifrs/20181231
i22223gd,/Users/campbellpryde/Downloads/efm-68d-231120/conf/525-ix-syntax/efm/22-forms/i22223gd/edgar-20181231.xsd,http://edgar/20181231
i22224gd,/Users/campbellpryde/Downloads/efm-68d-231120/conf/525-ix-syntax/efm/22-forms/i22224gd/edgar-20181231.xsd,http://edgar/20181231
i22225gd,/Users/campbellpryde/Downloads/efm-68d-231120/conf/525-ix-syntax/efm/22-forms/i22225gd/i22225gd-20081231.xsd,http://i22225gd/20081231
i22226gd,/Users/campbellpryde/Downloads/efm-68d-231120/conf/525-ix-syntax/efm/22-forms/i22226gd/edgar-20181231.xsd,http://edgar/20181231
i22227gd,/Users/campbellpryde/Downloads/efm-68d-231120/conf/525-ix-syntax/efm/22-forms/i22227gd/edgar-20181231.xsd,http://edgar/20181231
i22228gd,/Users/campbellpryde/Downloads/efm-68d-231120/conf/525-ix-syntax/efm/22-forms/i22228gd/edgar-20181231.xsd,http://edgar/20181231
i22229gd,/Users/campbellpryde/Downloads/efm-68d-231120/conf/525-ix-syntax/efm/22-forms/i22229gd/edgar-20181231.xsd,http://edgar/20181231
i22301ng,/Users/campbellpryde/Downloads/efm-68d-231120/conf/525-ix-syntax/efm/22-forms/i22301ng/i22301ng-20081231.xsd,http://i22301ng/20081231
i23001gd,/Users/campbellpryde/Downloads/efm-68d-231120/conf/525-ix-syntax/efm/23-rr/i23001gd/i23001gd-20180531.xsd,http://i23001gd.com/20130529
i23002gd,/Users/campbellpryde/Downloads/efm-68d-231120/conf/525-ix-syntax/efm/23-rr/i23002gd/i23002gd-20180531.xsd,http://i23002gd.com/20130529
i23003gd,/Users/campbellpryde/Downloads/efm-68d-231120/conf/525-ix-syntax/efm/23-rr/i23003gd/i23003gd-20180531.xsd,http://i23003gd.com/20130529
i23004gd,/Users/campbellpryde/Downloads/efm-68d-231120/conf/525-ix-syntax/efm/23-rr/i23004gd/i23004gd-20180531.xsd,http://i23004gd.com/20130529
i23005gd,/Users/campbellpryde/Downloads/efm-68d-231120/conf/525-ix-syntax/efm/23-rr/i23005gd/i23005gd-20180531.xsd,http://i23005gd.com/20130529
i23006gd,/Users/campbellpryde/Downloads/efm-68d-231120/conf/525-ix-syntax/efm/23-rr/i23006gd/i23006gd-20180531.xsd,http://i23006gd.com/20130529
i23007gd,/Users/campbellpryde/Downloads/efm-68d-231120/conf/525-ix-syntax/efm/23-rr/i23007gd/i23007gd-20180531.xsd,http://i23007gd.com/20130529
i00301gw,/Users/campbellpryde/Downloads/efm-68d-231120/conf/525-ix-syntax/ned/00-filing/i00301gw/i00301gw-20081231.xsd,http://i00301gw/20081231
i00302gw,/Users/campbellpryde/Downloads/efm-68d-231120/conf/525-ix-syntax/ned/00-filing/i00302gw/i00302gw-20081231.xsd,http://i00302gw/20081231
i00303gw,/Users/campbellpryde/Downloads/efm-68d-231120/conf/525-ix-syntax/ned/00-filing/i00303gw/i00303gw-20081231.xsd,http://i00303gw/20081231
i00304gw,/Users/campbellpryde/Downloads/efm-68d-231120/conf/525-ix-syntax/ned/00-filing/i00304gw/i00304gw-20081231.xsd,http://i00304gw/20081231
i00305gw,/Users/campbellpryde/Downloads/efm-68d-231120/conf/525-ix-syntax/ned/00-filing/i00305gw/i00305gw-20081231.xsd,http://i00305gw/20081231
i00306ng,/Users/campbellpryde/Downloads/efm-68d-231120/conf/525-ix-syntax/ned/00-filing/i00306ng/e00fil001ng-20081231.xsd,http://i00201gd/20081231
i01001gd,/Users/campbellpryde/Downloads/efm-68d-231120/conf/525-ix-syntax/ned/01-format/i01001gd/i01001gd-20081231.xsd,http://i01001gd/20081231
i01100ng,/Users/campbellpryde/Downloads/efm-68d-231120/conf/525-ix-syntax/ned/01-format/i01100ng/i01100ng-20081231.xsd,http://i01100ng/20081231
i01101ng,/Users/campbellpryde/Downloads/efm-68d-231120/conf/525-ix-syntax/ned/01-format/i01101ng/i01101ng-20081231.xsd,http://i01101ng/20081231
i02001gd,/Users/campbellpryde/Downloads/efm-68d-231120/conf/525-ix-syntax/ned/02-transform/i02001gd/i02001gd-20081231.xsd,http://i02001gd/20081231
i02002gd,/Users/campbellpryde/Downloads/efm-68d-231120/conf/525-ix-syntax/ned/02-transform/i02002gd/i02002gd-20081231.xsd,http://i02002gd/20081231
i02100ng,/Users/campbellpryde/Downloads/efm-68d-231120/conf/525-ix-syntax/ned/02-transform/i02100ng/i02100ng-20081231.xsd,http://i02100ng/20081231
i02101ng,/Users/campbellpryde/Downloads/efm-68d-231120/conf/525-ix-syntax/ned/02-transform/i02101ng/i02101ng-20081231.xsd,http://i02101ng/20081231
i02102ng,/Users/campbellpryde/Downloads/efm-68d-231120/conf/525-ix-syntax/ned/02-transform/i02102ng/i02102ng-20081231.xsd,http://i02102ng/20081231
i02103ng,/Users/campbellpryde/Downloads/efm-68d-231120/conf/525-ix-syntax/ned/02-transform/i02103ng/i02103ng-20081231.xsd,http://i02103ng/20081231
i02104ng,/Users/campbellpryde/Downloads/efm-68d-231120/conf/525-ix-syntax/ned/02-transform/i02104ng/i02104ng-20081231.xsd,http://i02104ng/20081231
i02105ng,/Users/campbellpryde/Downloads/efm-68d-231120/conf/525-ix-syntax/ned/02-transform/i02105ng/i02105ng-20081231.xsd,http://i02002gd/20081231
i03001gd,/Users/campbellpryde/Downloads/efm-68d-231120/conf/525-ix-syntax/ned/03-nonfraction/i03001gd/i03001gd-20081231.xsd,http://i03001gd/20081231
i03002gd,/Users/campbellpryde/Downloads/efm-68d-231120/conf/525-ix-syntax/ned/03-nonfraction/i03002gd/i03002gd-20081231.xsd,http://i03002gd/20081231
i03003gd,/Users/campbellpryde/Downloads/efm-68d-231120/conf/525-ix-syntax/ned/03-nonfraction/i03003gd/i03003gd-20081231.xsd,http://i03003gd/20081231
i03004gd,/Users/campbellpryde/Downloads/efm-68d-231120/conf/525-ix-syntax/ned/03-nonfraction/i03004gd/i03004gd-20081231.xsd,http://i03004gd/20081231
i03005gd,/Users/campbellpryde/Downloads/efm-68d-231120/conf/525-ix-syntax/ned/03-nonfraction/i03005gd/i03005gd-20081231.xsd,http://i03005gd/20081231
i03006gd,/Users/campbellpryde/Downloads/efm-68d-231120/conf/525-ix-syntax/ned/03-nonfraction/i03006gd/i03006gd-20081231.xsd,http://i03006gd/20081231
i03100ng,/Users/campbellpryde/Downloads/efm-68d-231120/conf/525-ix-syntax/ned/03-nonfraction/i03100ng/i03100ng-20081231.xsd,http://i03100ng/20081231
i03101ng,/Users/campbellpryde/Downloads/efm-68d-231120/conf/525-ix-syntax/ned/03-nonfraction/i03101ng/i03101ng-20081231.xsd,http://i03101ng/20081231
i03102ng,/Users/campbellpryde/Downloads/efm-68d-231120/conf/525-ix-syntax/ned/03-nonfraction/i03102ng/i03102ng-20081231.xsd,http://i03102ng/20081231
i03103ng,/Users/campbellpryde/Downloads/efm-68d-231120/conf/525-ix-syntax/ned/03-nonfraction/i03103ng/i03103ng-20081231.xsd,http://i03103ng/20081231
i03104ng,/Users/campbellpryde/Downloads/efm-68d-231120/conf/525-ix-syntax/ned/03-nonfraction/i03104ng/i03104ng-20081231.xsd,http://i03104ng/20081231
i03105ng,/Users/campbellpryde/Downloads/efm-68d-231120/conf/525-ix-syntax/ned/03-nonfraction/i03105ng/i03105ng-20081231.xsd,http://i03105ng/20081231
i03106ng,/Users/campbellpryde/Downloads/efm-68d-231120/conf/525-ix-syntax/ned/03-nonfraction/i03106ng/i03106ng-20081231.xsd,http://i03106ng/20081231
i03107ng,/Users/campbellpryde/Downloads/efm-68d-231120/conf/525-ix-syntax/ned/03-nonfraction/i03107ng/i03107ng-20081231.xsd,http://i03107ng/20081231
i03108ng,/Users/campbellpryde/Downloads/efm-68d-231120/conf/525-ix-syntax/ned/03-nonfraction/i03108ng/i03108ng-20081231.xsd,http://i03108ng/20081231
i03109ng,/Users/campbellpryde/Downloads/efm-68d-231120/conf/525-ix-syntax/ned/03-nonfraction/i03109ng/i03109ng-20081231.xsd,http://i03109ng/20081231
i03110ng,/Users/campbellpryde/Downloads/efm-68d-231120/conf/525-ix-syntax/ned/03-nonfraction/i03110ng/i03110ng-20081231.xsd,http://i03110ng/20081231
i03111ng,/Users/campbellpryde/Downloads/efm-68d-231120/conf/525-ix-syntax/ned/03-nonfraction/i03111ng/i03111ng-20081231.xsd,http://i03111ng/20081231
i03112ng,/Users/campbellpryde/Downloads/efm-68d-231120/conf/525-ix-syntax/ned/03-nonfraction/i03112ng/i03112ng-20081231.xsd,http://i03112ng/20081231
i03113ng,/Users/campbellpryde/Downloads/efm-68d-231120/conf/525-ix-syntax/ned/03-nonfraction/i03113ng/i03113ng-20081231.xsd,http://i03113ng/20081231
i03114ng,/Users/campbellpryde/Downloads/efm-68d-231120/conf/525-ix-syntax/ned/03-nonfraction/i03114ng/i03114ng-20081231.xsd,http://i03114ng/20081231
i03115ng,/Users/campbellpryde/Downloads/efm-68d-231120/conf/525-ix-syntax/ned/03-nonfraction/i03115ng/i03115ng-20081231.xsd,http://i03115ng/20081231
i03116ng,/Users/campbellpryde/Downloads/efm-68d-231120/conf/525-ix-syntax/ned/03-nonfraction/i03116ng/i03116ng-20081231.xsd,http://i03116ng/20081231
i03117ng,/Users/campbellpryde/Downloads/efm-68d-231120/conf/525-ix-syntax/ned/03-nonfraction/i03117ng/i03117ng-20081231.xsd,http://i03117ng/20081231
i03118ng,/Users/campbellpryde/Downloads/efm-68d-231120/conf/525-ix-syntax/ned/03-nonfraction/i03118ng/i03118ng-20081231.xsd,http://i03118ng/20081231
i03119ng,/Users/campbellpryde/Downloads/efm-68d-231120/conf/525-ix-syntax/ned/03-nonfraction/i03119ng/i03119ng-20081231.xsd,http://i03119ng/20081231
i03120ng,/Users/campbellpryde/Downloads/efm-68d-231120/conf/525-ix-syntax/ned/03-nonfraction/i03120ng/i03120ng-20081231.xsd,http://i03120ng/20081231
i03121ng,/Users/campbellpryde/Downloads/efm-68d-231120/conf/525-ix-syntax/ned/03-nonfraction/i03121ng/i03121ng-20081231.xsd,http://i03121ng/20081231
i03122ng,/Users/campbellpryde/Downloads/efm-68d-231120/conf/525-ix-syntax/ned/03-nonfraction/i03122ng/i03122ng-20081231.xsd,http://i03122ng/20081231
i03123ng,/Users/campbellpryde/Downloads/efm-68d-231120/conf/525-ix-syntax/ned/03-nonfraction/i03123ng/i03123ng-20081231.xsd,http://i03123ng/20081231
i04001gd,/Users/campbellpryde/Downloads/efm-68d-231120/conf/525-ix-syntax/ned/04-nonnumeric/i04001gd/i04001gd-20081231.xsd,http://i04001gd/20081231
i04002gd,/Users/campbellpryde/Downloads/efm-68d-231120/conf/525-ix-syntax/ned/04-nonnumeric/i04002gd/i04002gd-20081231.xsd,http://i04002gd/20081231
i04003gd,/Users/campbellpryde/Downloads/efm-68d-231120/conf/525-ix-syntax/ned/04-nonnumeric/i04003gd/i04003gd-20081231.xsd,http://i04003gd/20081231
i04100ng,/Users/campbellpryde/Downloads/efm-68d-231120/conf/525-ix-syntax/ned/04-nonnumeric/i04100ng/i04100ng-20081231.xsd,http://i04100ng/20081231
i04101ng,/Users/campbellpryde/Downloads/efm-68d-231120/conf/525-ix-syntax/ned/04-nonnumeric/i04101ng/i04101ng-20081231.xsd,http://i04101ng/20081231
i04102ng,/Users/campbellpryde/Downloads/efm-68d-231120/conf/525-ix-syntax/ned/04-nonnumeric/i04102ng/i04102ng-20081231.xsd,http://i04102ng/20081231
i04103ng,/Users/campbellpryde/Downloads/efm-68d-231120/conf/525-ix-syntax/ned/04-nonnumeric/i04103ng/i04103ng-20081231.xsd,http://i04103ng/20081231
i04104ng,/Users/campbellpryde/Downloads/efm-68d-231120/conf/525-ix-syntax/ned/04-nonnumeric/i04104ng/i04104ng-20081231.xsd,http://i04104ng/20081231
i04105ng,/Users/campbellpryde/Downloads/efm-68d-231120/conf/525-ix-syntax/ned/04-nonnumeric/i04105ng/i04105ng-20081231.xsd,http://i04105ng/20081231
i04106ng,/Users/campbellpryde/Downloads/efm-68d-231120/conf/525-ix-syntax/ned/04-nonnumeric/i04106ng/i04106ng-20081231.xsd,http://i04106ng/20081231
i04107ng,/Users/campbellpryde/Downloads/efm-68d-231120/conf/525-ix-syntax/ned/04-nonnumeric/i04107ng/i04107ng-20081231.xsd,http://i04107ng/20081231
i04109ng,/Users/campbellpryde/Downloads/efm-68d-231120/conf/525-ix-syntax/ned/04-nonnumeric/i04109ng/i04109ng-20081231.xsd,http://i04109ng/20081231
i04110ng,/Users/campbellpryde/Downloads/efm-68d-231120/conf/525-ix-syntax/ned/04-nonnumeric/i04110ng/i04110ng-20081231.xsd,http://i04110ng/20081231
i04111ng,/Users/campbellpryde/Downloads/efm-68d-231120/conf/525-ix-syntax/ned/04-nonnumeric/i04111ng/i04111ng-20081231.xsd,http://i04111ng/20081231
i05001gd,/Users/campbellpryde/Downloads/efm-68d-231120/conf/525-ix-syntax/ned/05-exclude/i05001gd/i05001gd-20081231.xsd,http://i05001gd/20081231
i05100ng,/Users/campbellpryde/Downloads/efm-68d-231120/conf/525-ix-syntax/ned/05-exclude/i05100ng/i05100ng-20081231.xsd,http://i05100ng/20081231
i05101ng,/Users/campbellpryde/Downloads/efm-68d-231120/conf/525-ix-syntax/ned/05-exclude/i05101ng/i05101ng-20081231.xsd,http://i05101ng/20081231
i06001gd,/Users/campbellpryde/Downloads/efm-68d-231120/conf/525-ix-syntax/ned/06-ids/i06001gd/i06001gd-20081231.xsd,http://i06001gd/20081231
i06100ng,/Users/campbellpryde/Downloads/efm-68d-231120/conf/525-ix-syntax/ned/06-ids/i06100ng/i06100ng-20081231.xsd,http://i06100ng/20081231
i06101ng,/Users/campbellpryde/Downloads/efm-68d-231120/conf/525-ix-syntax/ned/06-ids/i06101ng/i06101ng-20081231.xsd,http://i06101ng/20081231
i06102ng,/Users/campbellpryde/Downloads/efm-68d-231120/conf/525-ix-syntax/ned/06-ids/i06102ng/i06102ng-20081231.xsd,http://i06102ng/20081231
i06103ng,/Users/campbellpryde/Downloads/efm-68d-231120/conf/525-ix-syntax/ned/06-ids/i06103ng/i06103ng-20081231.xsd,http://i06103ng/20081231
i06104ng,/Users/campbellpryde/Downloads/efm-68d-231120/conf/525-ix-syntax/ned/06-ids/i06104ng/i06104ng-20081231.xsd,http://i06104ng/20081231
i06105ng,/Users/campbellpryde/Downloads/efm-68d-231120/conf/525-ix-syntax/ned/06-ids/i06105ng/i06105ng-20081231.xsd,http://i06105ng/20081231
i06106ng,/Users/campbellpryde/Downloads/efm-68d-231120/conf/525-ix-syntax/ned/06-ids/i06106ng/i06106ng-20081231.xsd,http://i06106ng/20081231
i06107ng,/Users/campbellpryde/Downloads/efm-68d-231120/conf/525-ix-syntax/ned/06-ids/i06107ng/i06107ng-20081231.xsd,http://i06107ng/20081231
e06ids109ng,/Users/campbellpryde/Downloads/efm-68d-231120/conf/525-ix-syntax/ned/06-ids/e06ids109ng/edgar-20181231.xsd,http://edgar/20181231
i07001gd,/Users/campbellpryde/Downloads/efm-68d-231120/conf/525-ix-syntax/ned/07-continuation/i07001gd/i07001gd-20081231.xsd,http://i07001gd/20081231
i07002gd,/Users/campbellpryde/Downloads/efm-68d-231120/conf/525-ix-syntax/ned/07-continuation/i07002gd/i07002gd-20081231.xsd,http://i07002gd/20081231
i07100ng,/Users/campbellpryde/Downloads/efm-68d-231120/conf/525-ix-syntax/ned/07-continuation/i07100ng/i07100ng-20081231.xsd,http://i07100ng/20081231
i07101ng,/Users/campbellpryde/Downloads/efm-68d-231120/conf/525-ix-syntax/ned/07-continuation/i07101ng/i07101ng-20081231.xsd,http://i07101ng/20081231
i07102ng,/Users/campbellpryde/Downloads/efm-68d-231120/conf/525-ix-syntax/ned/07-continuation/i07102ng/i07102ng-20081231.xsd,http://i07102ng/20081231
i07103ng,/Users/campbellpryde/Downloads/efm-68d-231120/conf/525-ix-syntax/ned/07-continuation/i07103ng/i07103ng-20081231.xsd,http://i07103ng/20081231
i07104ng,/Users/campbellpryde/Downloads/efm-68d-231120/conf/525-ix-syntax/ned/07-continuation/i07104ng/i07104ng-20081231.xsd,http://i07104ng/20081231
i07105ng,/Users/campbellpryde/Downloads/efm-68d-231120/conf/525-ix-syntax/ned/07-continuation/i07105ng/i07105ng-20081231.xsd,http://i07105ng/20081231
i07106ng,/Users/campbellpryde/Downloads/efm-68d-231120/conf/525-ix-syntax/ned/07-continuation/i07106ng/i07106ng-20081231.xsd,http://i07106ng/20081231
i07107ng,/Users/campbellpryde/Downloads/efm-68d-231120/conf/525-ix-syntax/ned/07-continuation/i07107ng/i07107ng-20081231.xsd,http://i07107ng/20081231
i07108ng,/Users/campbellpryde/Downloads/efm-68d-231120/conf/525-ix-syntax/ned/07-continuation/i07108ng/i07108ng-20081231.xsd,http://i07108ng/20081231
i07109ng,/Users/campbellpryde/Downloads/efm-68d-231120/conf/525-ix-syntax/ned/07-continuation/i07109ng/i07109ng-20081231.xsd,http://i07109ng/20081231
i07110ng,/Users/campbellpryde/Downloads/efm-68d-231120/conf/525-ix-syntax/ned/07-continuation/i07110ng/i07110ng-20081231.xsd,http://i07110ng/20081231
i07111ng,/Users/campbellpryde/Downloads/efm-68d-231120/conf/525-ix-syntax/ned/07-continuation/i07111ng/i07111ng-20081231.xsd,http://i07111ng/20081231
i07112ng,/Users/campbellpryde/Downloads/efm-68d-231120/conf/525-ix-syntax/ned/07-continuation/i07112ng/i07112ng-20081231.xsd,http://i07112ng/20081231
i07113ng,/Users/campbellpryde/Downloads/efm-68d-231120/conf/525-ix-syntax/ned/07-continuation/i07113ng/i07113ng-20081231.xsd,http://i07113ng/20081231
i08001gd,/Users/campbellpryde/Downloads/efm-68d-231120/conf/525-ix-syntax/ned/08-relationship/i08001gd/i08001gd-20081231.xsd,http://i08001gd/20081231
i08002gd,/Users/campbellpryde/Downloads/efm-68d-231120/conf/525-ix-syntax/ned/08-relationship/i08002gd/i08002gd-20081231.xsd,http://i08002gd/20081231
i08100ng,/Users/campbellpryde/Downloads/efm-68d-231120/conf/525-ix-syntax/ned/08-relationship/i08100ng/i08100ng-20081231.xsd,http://i08100ng/20081231
i08101ng,/Users/campbellpryde/Downloads/efm-68d-231120/conf/525-ix-syntax/ned/08-relationship/i08101ng/i08101ng-20081231.xsd,http://i08101ng/20081231
i08102ng,/Users/campbellpryde/Downloads/efm-68d-231120/conf/525-ix-syntax/ned/08-relationship/i08102ng/i08102ng-20081231.xsd,http://i08102ng/20081231
i08103ng,/Users/campbellpryde/Downloads/efm-68d-231120/conf/525-ix-syntax/ned/08-relationship/i08103ng/i08103ng-20081231.xsd,http://i08103ng/20081231
i08104ng,/Users/campbellpryde/Downloads/efm-68d-231120/conf/525-ix-syntax/ned/08-relationship/i08104ng/i08104ng-20081231.xsd,http://i08104ng/20081231
i09001gd,/Users/campbellpryde/Downloads/efm-68d-231120/conf/525-ix-syntax/ned/09-footnote/i09001gd/i09001gd-20081231.xsd,http://i09001gd/20081231
i09002gd,/Users/campbellpryde/Downloads/efm-68d-231120/conf/525-ix-syntax/ned/09-footnote/i09002gd/i09002gd-20081231.xsd,http://i09002gd/20081231
i09003gd,/Users/campbellpryde/Downloads/efm-68d-231120/conf/525-ix-syntax/ned/09-footnote/i09003gd/i09003gd-20081231.xsd,http://i09003gd/20081231
i09100ng,/Users/campbellpryde/Downloads/efm-68d-231120/conf/525-ix-syntax/ned/09-footnote/i09100ng/i09100ng-20081231.xsd,http://i09100ng/20081231
i09101ng,/Users/campbellpryde/Downloads/efm-68d-231120/conf/525-ix-syntax/ned/09-footnote/i09101ng/i09101ng-20081231.xsd,http://i09101ng/20081231
i09102ng,/Users/campbellpryde/Downloads/efm-68d-231120/conf/525-ix-syntax/ned/09-footnote/i09102ng/i09102ng-20081231.xsd,http://i09102ng/20081231
i09103ng,/Users/campbellpryde/Downloads/efm-68d-231120/conf/525-ix-syntax/ned/09-footnote/i09103ng/i09103ng-20081231.xsd,http://i09103ng/20081231
i09104ng,/Users/campbellpryde/Downloads/efm-68d-231120/conf/525-ix-syntax/ned/09-footnote/i09104ng/i09104ng-20081231.xsd,http://i09104ng/20081231
i09105gd,/Users/campbellpryde/Downloads/efm-68d-231120/conf/525-ix-syntax/ned/09-footnote/i09105gd/i09105ng-20081231.xsd,http://i09105ng/20081231
i09106ng,/Users/campbellpryde/Downloads/efm-68d-231120/conf/525-ix-syntax/ned/09-footnote/i09106ng/i09106ng-20081231.xsd,http://i09106ng/20081231
i09107ng,/Users/campbellpryde/Downloads/efm-68d-231120/conf/525-ix-syntax/ned/09-footnote/i09107ng/i09107ng-20081231.xsd,http://i09107ng/20081231
i09108ng,/Users/campbellpryde/Downloads/efm-68d-231120/conf/525-ix-syntax/ned/09-footnote/i09108ng/i09108ng-20081231.xsd,http://i09108ng/20081231
i09109ng,/Users/campbellpryde/Downloads/efm-68d-231120/conf/525-ix-syntax/ned/09-footnote/i09109ng/i09001gd-20081231.xsd,http://i09001gd/20081231
i10001gd,/Users/campbellpryde/Downloads/efm-68d-231120/conf/525-ix-syntax/ned/10-header/i10001gd/i10001gd-20081231.xsd,http://i10001gd/20081231
i10101ng,,
i11001gd,/Users/campbellpryde/Downloads/efm-68d-231120/conf/525-ix-syntax/ned/11-hidden/i11001gd/i11001gd-20081231.xsd,http://i11001gd/20081231
i11100ng,/Users/campbellpryde/Downloads/efm-68d-231120/conf/525-ix-syntax/ned/11-hidden/i11100ng/i11100ng-20081231.xsd,http://i11100ng/20081231
i11101ng,/Users/campbellpryde/Downloads/efm-68d-231120/conf/525-ix-syntax/ned/11-hidden/i11101ng/i11101ng-20081231.xsd,http://i11101ng/20081231
i11102ng,/Users/campbellpryde/Downloads/efm-68d-231120/conf/525-ix-syntax/ned/11-hidden/i11102ng/i11102ng-20081231.xsd,http://i11102ng/20081231
i11103ng,/Users/campbellpryde/Downloads/efm-68d-231120/conf/525-ix-syntax/ned/11-hidden/i11103ng/i11103ng-20081231.xsd,http://i11103ng/20081231
i11104ng,/Users/campbellpryde/Downloads/efm-68d-231120/conf/525-ix-syntax/ned/11-hidden/i11104ng/i11104ng-20081231.xsd,http://i11104ng/20081231
i12001gd,/Users/campbellpryde/Downloads/efm-68d-231120/conf/525-ix-syntax/ned/12-references/i12001gd/i12001gd-20081231.xsd,http://i12001gd/20081231
i12002gd,/Users/campbellpryde/Downloads/efm-68d-231120/conf/525-ix-syntax/ned/12-references/i12002gd/i12002gd-20081231.xsd,http://i12002gd/20081231
i12100ng,,
i12101ng,/Users/campbellpryde/Downloads/efm-68d-231120/conf/525-ix-syntax/ned/12-references/i12101ng/i12101ng-20081231.xsd,http://i12101ng/20081231
i12102ng,/Users/campbellpryde/Downloads/efm-68d-231120/conf/525-ix-syntax/ned/12-references/i12102ng/i12102ng-20081231.xsd,http://i12102ng/20081231
i12103ng,,
i12104ng,/Users/campbellpryde/Downloads/efm-68d-231120/conf/525-ix-syntax/ned/12-references/i12104ng/i12104ng-20081231.xsd,http://i12104ng/20081231
i12105ng,/Users/campbellpryde/Downloads/efm-68d-231120/conf/525-ix-syntax/ned/12-references/i12105ng/i12105ng-20081231.xsd,http://i12105ng/20081231
i12106ng,/Users/campbellpryde/Downloads/efm-68d-231120/conf/525-ix-syntax/ned/12-references/i12106ng/i12106ng-20081231.xsd,http://i12106ng/20081231
i12107ng,/Users/campbellpryde/Downloads/efm-68d-231120/conf/525-ix-syntax/ned/12-references/i12107ng/i12107ng-20081231.xsd,http://i12107ng/20081231
i12108ng,/Users/campbellpryde/Downloads/efm-68d-231120/conf/525-ix-syntax/ned/12-references/i12108ng/i12108ng-20081231.xsd,http://i12108ng/20081231
i12109ng,/Users/campbellpryde/Downloads/efm-68d-231120/conf/525-ix-syntax/ned/12-references/i12109ng/i12109ng-20081231.xsd,http://i12109ng/20081231
i12110ng,/Users/campbellpryde/Downloads/efm-68d-231120/conf/525-ix-syntax/ned/12-references/i12110ng/i12110ng-20081231.xsd,http://i12110ng/20081231
i12111ng,/Users/campbellpryde/Downloads/efm-68d-231120/conf/525-ix-syntax/ned/12-references/i12111ng/i12111ng-20081231.xsd,http://i12111ng/20081231
i12112ng,/Users/campbellpryde/Downloads/efm-68d-231120/conf/525-ix-syntax/ned/12-references/i12112ng/i12112ng-20081231.xsd,http://i12112ng/20081231
i12113ng,/Users/campbellpryde/Downloads/efm-68d-231120/conf/525-ix-syntax/ned/12-references/i12113ng/i12113ng-20081231.xsd,http://i12113ng/20081231
i13001gd,/Users/campbellpryde/Downloads/efm-68d-231120/conf/525-ix-syntax/ned/13-resources/i13001gd/i13001gd-20081231.xsd,http://i13001gd/20081231
i13100ng,/Users/campbellpryde/Downloads/efm-68d-231120/conf/525-ix-syntax/ned/13-resources/i13100ng/i13100ng-20081231.xsd,http://i13100ng/20081231
i13101ng,/Users/campbellpryde/Downloads/efm-68d-231120/conf/525-ix-syntax/ned/13-resources/i13101ng/i13101ng-20081231.xsd,http://i13101ng/20081231
i13102ng,/Users/campbellpryde/Downloads/efm-68d-231120/conf/525-ix-syntax/ned/13-resources/i13102ng/i13102ng-20081231.xsd,http://i13102ng/20081231
i14100ng,,
i14101ng,,
i15001gd,/Users/campbellpryde/Downloads/efm-68d-231120/conf/525-ix-syntax/ned/15-xmllang/i15001gd/i15001gd-20081231.xsd,http://i15001gd/20081231
i15100ng,/Users/campbellpryde/Downloads/efm-68d-231120/conf/525-ix-syntax/ned/15-xmllang/i15100ng/i15100ng-20081231.xsd,http://i15100ng/20081231
i15102ng,/Users/campbellpryde/Downloads/efm-68d-231120/conf/525-ix-syntax/ned/15-xmllang/i15102ng/i15102ng-20081231.xsd,http://i15102ng/20081231
i15103ng,/Users/campbellpryde/Downloads/efm-68d-231120/conf/525-ix-syntax/ned/15-xmllang/i15103ng/i15103ng-20081231.xsd,http://i15103ng/20081231
i15104ng,/Users/campbellpryde/Downloads/efm-68d-231120/conf/525-ix-syntax/ned/15-xmllang/i15104ng/i15104ng-20081231.xsd,http://i15104ng/20081231
i19001gd,/Users/campbellpryde/Downloads/efm-68d-231120/conf/525-ix-syntax/ned/19-multiio/i19001gd/i19001gd-20081231.xsd,http://i19001gd/20081231
i19002gd,/Users/campbellpryde/Downloads/efm-68d-231120/conf/525-ix-syntax/ned/19-multiio/i19002gd/i19002gd-20081231.xsd,http://i19002gd/20081231
i19003gd,,
i19100ng,/Users/campbellpryde/Downloads/efm-68d-231120/conf/525-ix-syntax/ned/19-multiio/i19100ng/i19100ng-20081231.xsd,http://i19100ng/20081231
i19101ng,/Users/campbellpryde/Downloads/efm-68d-231120/conf/525-ix-syntax/ned/19-multiio/i19101ng/i19101ng-20081231.xsd,http://i19101ng/20081231
i24001gd,/Users/campbellpryde/Downloads/efm-68d-231120/conf/525-ix-syntax/ned/20-viewer-lang/i24001gd/i24001gd-20081231.xsd,http://i24001gd/20081231
e60303_AB_CDE_000gd,/Users/campbellpryde/Downloads/efm-68d-231120/conf/603-filing-syntax/603-03-filename-pattern/e60303000gd-20121231.xsd,http://edgar/20121231
e60303001ng,/Users/campbellpryde/Downloads/efm-68d-231120/conf/603-filing-syntax/603-03-filename-pattern/e60303001ng-20121231.xsd,http://edgar/20121231
e60303003ng,/Users/campbellpryde/Downloads/efm-68d-231120/conf/603-filing-syntax/603-03-filename-pattern/e60303003ng-20121231.xsd,http://edgar/20121231
e60304001ng,/Users/campbellpryde/Downloads/efm-68d-231120/conf/603-filing-syntax/603-04-no-html-character-entities/e60304001ng-20111231.xsd,http://edgar/20111231
e60304002ng,/Users/campbellpryde/Downloads/efm-68d-231120/conf/603-filing-syntax/603-04-no-html-character-entities/e60304002ng-20111231.xsd,http://edgar/20111231
e60305001ng,/Users/campbellpryde/Downloads/efm-68d-231120/conf/603-filing-syntax/603-05-only-xml-or-numeric-character-refs/e60305001ng-20111231.xsd,http://edgar/20111231
e60305002ng,/Users/campbellpryde/Downloads/efm-68d-231120/conf/603-filing-syntax/603-05-only-xml-or-numeric-character-refs/e60305002ng-20111231.xsd,http://edgar/20111231
e60305003gd,/Users/campbellpryde/Downloads/efm-68d-231120/conf/603-filing-syntax/603-05-only-xml-or-numeric-character-refs/e60305003gd-20111231.xsd,http://edgar/20111231
e60305004ng,/Users/campbellpryde/Downloads/efm-68d-231120/conf/603-filing-syntax/603-05-only-xml-or-numeric-character-refs/e60305004ng-20111231.xsd,http://edgar/20111231
e60305005ng,/Users/campbellpryde/Downloads/efm-68d-231120/conf/603-filing-syntax/603-05-only-xml-or-numeric-character-refs/e60305005ng-20111231.xsd,http://edgar/20111231
e60305006ng,/Users/campbellpryde/Downloads/efm-68d-231120/conf/603-filing-syntax/603-05-only-xml-or-numeric-character-refs/e60305006ng-20111231.xsd,http://edgar/20111231
e60306304ng,/Users/campbellpryde/Downloads/efm-68d-231120/conf/603-filing-syntax/603-06-uri-recognized/e60306304ng-20111231.xsd,http://edgar/20111231
e60306305ng,/Users/campbellpryde/Downloads/efm-68d-231120/conf/603-filing-syntax/603-06-uri-recognized/e60306305ng-20111231.xsd,http://edgar/20111231
e60306307ng,/Users/campbellpryde/Downloads/efm-68d-231120/conf/603-filing-syntax/603-06-uri-recognized/e60306307ng-20111231.xsd,http://edgar/20111231
e60306308ng,/Users/campbellpryde/Downloads/efm-68d-231120/conf/603-filing-syntax/603-06-uri-recognized/e60306308ng-20111231.xsd,http://edgar/20111231
e60306310ng,/Users/campbellpryde/Downloads/efm-68d-231120/conf/603-filing-syntax/603-06-uri-recognized/e60306310ng-20111231.xsd,http://edgar/20111231
e60306610ng,/Users/campbellpryde/Downloads/efm-68d-231120/conf/603-filing-syntax/603-06-uri-recognized/e60306610ng-20111231.xsd,http://edgar/20111231
e60306713ng,/Users/campbellpryde/Downloads/efm-68d-231120/conf/603-filing-syntax/603-06-uri-recognized/e60306713ng-20111231.xsd,http://edgar/20111231
e60311204ng,/Users/campbellpryde/Downloads/efm-68d-231120/conf/603-filing-syntax/603-11-no-xml-base/e60311204ng-20111231.xsd,http://edgar/20111231
e60311205ng,/Users/campbellpryde/Downloads/efm-68d-231120/conf/603-filing-syntax/603-11-no-xml-base/e60311205ng-20111231.xsd,http://edgar/20111231
e60311206ng,/Users/campbellpryde/Downloads/efm-68d-231120/conf/603-filing-syntax/603-11-no-xml-base/e60311206ng-20111231.xsd,http://edgar/20111231
e60311207ng,/Users/campbellpryde/Downloads/efm-68d-231120/conf/603-filing-syntax/603-11-no-xml-base/e60311207ng-20111231.xsd,http://edgar/20111231
e60311208ng,/Users/campbellpryde/Downloads/efm-68d-231120/conf/603-filing-syntax/603-11-no-xml-base/e60311208ng-20111231.xsd,http://edgar/20111231
e60311209ng,/Users/campbellpryde/Downloads/efm-68d-231120/conf/603-filing-syntax/603-11-no-xml-base/e60311209ng-20111231.xsd,http://edgar/20111231
e60311210ng,/Users/campbellpryde/Downloads/efm-68d-231120/conf/603-filing-syntax/603-11-no-xml-base/e60311210ng-20111231.xsd,http://edgar/20111231
e60311211ng,/Users/campbellpryde/Downloads/efm-68d-231120/conf/603-filing-syntax/603-11-no-xml-base/e60311211ng-20111231.xsd,http://edgar/20111231
e60311212ng,/Users/campbellpryde/Downloads/efm-68d-231120/conf/603-filing-syntax/603-11-no-xml-base/e60311212ng-20111231.xsd,http://edgar/20111231
e60311213ng,/Users/campbellpryde/Downloads/efm-68d-231120/conf/603-filing-syntax/603-11-no-xml-base/e60311213ng-20111231.xsd,http://edgar/20111231
e60403001ng,/Users/campbellpryde/Downloads/efm-68d-231120/conf/604-filing-semantics/604-03-xbrl-valid/e60403001ng-20111231.xsd,http://edgar/20111231
e60403002ng,/Users/campbellpryde/Downloads/efm-68d-231120/conf/604-filing-semantics/604-03-xbrl-valid/e60403002ng-20111231.xsd,http://edgar/20111231
e60403003ng,/Users/campbellpryde/Downloads/efm-68d-231120/conf/604-filing-semantics/604-03-xbrl-valid/e60403003ng-20111231.xsd,http://edgar/20111231
e60403004ng,/Users/campbellpryde/Downloads/efm-68d-231120/conf/604-filing-semantics/604-03-xbrl-valid/e60403004ng-20111231.xsd,http://edgar/20111231
e60403005ng,/Users/campbellpryde/Downloads/efm-68d-231120/conf/604-filing-semantics/604-03-xbrl-valid/e60403005ng-20111231.xsd,http://edgar/20111231
e60403006ng,/Users/campbellpryde/Downloads/efm-68d-231120/conf/604-filing-semantics/604-03-xbrl-valid/e60403006ng-20111231.xsd,http://edgar/20111231
e60403007gd,/Users/campbellpryde/Downloads/efm-68d-231120/conf/604-filing-semantics/604-03-xbrl-valid/e60403007gd-20111231.xsd,http://edgar/20111231
e60403008ng,/Users/campbellpryde/Downloads/efm-68d-231120/conf/604-filing-semantics/604-03-xbrl-valid/e60403008ng-20111231.xsd,http://edgar/20111231
e60403010ng,/Users/campbellpryde/Downloads/efm-68d-231120/conf/604-filing-semantics/604-03-xbrl-valid/e60403010ng-20111231.xsd,http://edgar/20111231
e60403011ng,/Users/campbellpryde/Downloads/efm-68d-231120/conf/604-filing-semantics/604-03-xbrl-valid/e60403011ng-20081231.xsd,http://e6090100/20081231
e60403012gd,/Users/campbellpryde/Downloads/efm-68d-231120/conf/604-filing-semantics/604-03-xbrl-valid/e60403012gd-20111231.xsd,http://edgar/20111231
e60403013gd,/Users/campbellpryde/Downloads/efm-68d-231120/conf/604-filing-semantics/604-03-xbrl-valid/e60403013gd-20111231.xsd,http://edgar/20111231
e60403014gd,/Users/campbellpryde/Downloads/efm-68d-231120/conf/604-filing-semantics/604-03-xbrl-valid/e60403014gd-20111231.xsd,http://edgar/20111231
e60403015gd,/Users/campbellpryde/Downloads/efm-68d-231120/conf/604-filing-semantics/604-03-xbrl-valid/e60403015gd-20111231.xsd,http://edgar/20111231
e60403019ng,/Users/campbellpryde/Downloads/efm-68d-231120/conf/604-filing-semantics/604-03-xbrl-valid/e60403019ng-20121231.xsd,http://edgar/20111231
e60403020ng,/Users/campbellpryde/Downloads/efm-68d-231120/conf/604-filing-semantics/604-03-xbrl-valid/e60403020ng-20121231.xsd,http://e60403020/20121231
e60403021gd,/Users/campbellpryde/Downloads/efm-68d-231120/conf/604-filing-semantics/604-03-xbrl-valid/e60403021gd-20121231.xsd,http://e60403/20121231
e60403024ng,/Users/campbellpryde/Downloads/efm-68d-231120/conf/604-filing-semantics/604-03-xbrl-valid/e60403024ng-20121231.xsd,http://e60403020/20121231
e60403025ng,/Users/campbellpryde/Downloads/efm-68d-231120/conf/604-filing-semantics/604-03-xbrl-valid/e60403025ng-20121231.xsd,http://e60403/20121231
e60403026ng,/Users/campbellpryde/Downloads/efm-68d-231120/conf/604-filing-semantics/604-03-xbrl-valid/e60403026ng-20121231.xsd,http://e60403/20121231
e60403027ng,/Users/campbellpryde/Downloads/efm-68d-231120/conf/604-filing-semantics/604-03-xbrl-valid/e60403027ng-20121231.xsd,http://e60403/20121231
e60403028ng,/Users/campbellpryde/Downloads/efm-68d-231120/conf/604-filing-semantics/604-03-xbrl-valid/e60403028ng-20121231.xsd,http://e60403/20121231
e60403029ng,/Users/campbellpryde/Downloads/efm-68d-231120/conf/604-filing-semantics/604-03-xbrl-valid/e60403029ng-20121231.xsd,http://e60403/20121231
e60403030ng,/Users/campbellpryde/Downloads/efm-68d-231120/conf/604-filing-semantics/604-03-xbrl-valid/e60403030ng-20121231.xsd,http://e60403/20121231
e60403031ng,/Users/campbellpryde/Downloads/efm-68d-231120/conf/604-filing-semantics/604-03-xbrl-valid/edgar-20081231.xsd,http://edgar/20081231
e60403032ng,/Users/campbellpryde/Downloads/efm-68d-231120/conf/604-filing-semantics/604-03-xbrl-valid/e60403032ng-20111231.xsd,http://edgar/20111231
e60403033ng,/Users/campbellpryde/Downloads/efm-68d-231120/conf/604-filing-semantics/604-03-xbrl-valid/e60403033ng-20111231.xsd,http://edgar/20111231
e60403034ng,/Users/campbellpryde/Downloads/efm-68d-231120/conf/604-filing-semantics/604-03-xbrl-valid/e60403034ng-20111231.xsd,http://edgar/20111231
e60403035gd,/Users/campbellpryde/Downloads/efm-68d-231120/conf/604-filing-semantics/604-03-xbrl-valid/e60403035gd-20111231.xsd,http://edgar/20111231
e60403036gd,/Users/campbellpryde/Downloads/efm-68d-231120/conf/604-filing-semantics/604-03-xbrl-valid/e60403036gd-20111231.xsd,http://edgar/20111231
e60403037ng,/Users/campbellpryde/Downloads/efm-68d-231120/conf/604-filing-semantics/604-03-xbrl-valid/e60403037ng-20111231.xsd,http://edgar/20111231
e60403038ng,/Users/campbellpryde/Downloads/efm-68d-231120/conf/604-filing-semantics/604-03-xbrl-valid/e60403036gd-20111231.xsd,http://edgar/20111231
e60501000gd,/Users/campbellpryde/Downloads/efm-68d-231120/conf/605-instance-syntax/605-01-entity-identifier-scheme/e60501000gd-20111231.xsd,http://edgar/20111231
e60501001ng,/Users/campbellpryde/Downloads/efm-68d-231120/conf/605-instance-syntax/605-01-entity-identifier-scheme/e60501001ng-20111231.xsd,http://edgar/20111231
e60502000gd,/Users/campbellpryde/Downloads/efm-68d-231120/conf/605-instance-syntax/605-02-entity-identifier-match-cik/e60502000gd-20111231.xsd,http://edgar/20111231
e60502001ng,/Users/campbellpryde/Downloads/efm-68d-231120/conf/605-instance-syntax/605-02-entity-identifier-match-cik/e60502001ng-20111231.xsd,http://edgar/20111231
e60502002ng,/Users/campbellpryde/Downloads/efm-68d-231120/conf/605-instance-syntax/605-02-entity-identifier-match-cik/e60502002ng-20111231.xsd,http://edgar/20111231
e60503000gd,/Users/campbellpryde/Downloads/efm-68d-231120/conf/605-instance-syntax/605-03-entity-identifier-all-identical/e60503000gd-20111231.xsd,http://edgar/20111231
e60503001ng,/Users/campbellpryde/Downloads/efm-68d-231120/conf/605-instance-syntax/605-03-entity-identifier-all-identical/e60503001ng-20111231.xsd,http://edgar/20111231
e60504000gd,/Users/campbellpryde/Downloads/efm-68d-231120/conf/605-instance-syntax/605-04-no-scenario-elements/e60504000gd-20111231.xsd,http://edgar/20111231
e60504001ng,/Users/campbellpryde/Downloads/efm-68d-231120/conf/605-instance-syntax/605-04-no-scenario-elements/e60504001ng-20111231.xsd,http://edgar/20111231
e60504002ng,/Users/campbellpryde/Downloads/efm-68d-231120/conf/605-instance-syntax/605-04-no-scenario-elements/e60504002ng-20111231.xsd,http://edgar/20111231
e60507001ng,/Users/campbellpryde/Downloads/efm-68d-231120/conf/605-instance-syntax/605-07-no-duplicate-contexts/e60507001ng-20081231.xsd,http://edgar/20081231
e60508001ng,/Users/campbellpryde/Downloads/efm-68d-231120/conf/605-instance-syntax/605-08-no-unused-contexts/e60508001ng-20111231.xsd,http://edgar/20111231
e60509000gd,/Users/campbellpryde/Downloads/efm-68d-231120/conf/605-instance-syntax/605-09-start-and-end-dates-distinct/edgar-20081231.xsd,http://edgar/20081231
e60509001gd,/Users/campbellpryde/Downloads/efm-68d-231120/conf/605-instance-syntax/605-09-start-and-end-dates-distinct/e60509001gd-20081231.xsd,http://e60509001gd/20081231
e60509002gd,/Users/campbellpryde/Downloads/efm-68d-231120/conf/605-instance-syntax/605-09-start-and-end-dates-distinct/edgar-20081231.xsd,http://edgar/20081231
e60509003gd,/Users/campbellpryde/Downloads/efm-68d-231120/conf/605-instance-syntax/605-09-start-and-end-dates-distinct/edgar-20081231.xsd,http://edgar/20081231
e60509004ng,/Users/campbellpryde/Downloads/efm-68d-231120/conf/605-instance-syntax/605-09-start-and-end-dates-distinct/edgar-20081231.xsd,http://edgar/20081231
e60509005ng,/Users/campbellpryde/Downloads/efm-68d-231120/conf/605-instance-syntax/605-09-start-and-end-dates-distinct/edgar-20081231.xsd,http://edgar/20081231
e60509006ng,/Users/campbellpryde/Downloads/efm-68d-231120/conf/605-instance-syntax/605-09-start-and-end-dates-distinct/edgar-20081231.xsd,http://edgar/20081231
e60509007gd,/Users/campbellpryde/Downloads/efm-68d-231120/conf/605-instance-syntax/605-09-start-and-end-dates-distinct/edgar-20081231.xsd,http://edgar/20081231
e60509009ng,/Users/campbellpryde/Downloads/efm-68d-231120/conf/605-instance-syntax/605-09-start-and-end-dates-distinct/edgar-20081231.xsd,http://edgar/20081231
e60509010ng,/Users/campbellpryde/Downloads/efm-68d-231120/conf/605-instance-syntax/605-09-start-and-end-dates-distinct/edgar-20081231.xsd,http://edgar/20081231
e60509011gd,/Users/campbellpryde/Downloads/efm-68d-231120/conf/605-instance-syntax/605-09-start-and-end-dates-distinct/edgar-20081231.xsd,http://edgar/20081231
e60509012ng,/Users/campbellpryde/Downloads/efm-68d-231120/conf/605-instance-syntax/605-09-start-and-end-dates-distinct/edgar-20081231.xsd,http://edgar/20081231
e60511000gd,/Users/campbellpryde/Downloads/efm-68d-231120/conf/605-instance-syntax/605-11-no-duplicate-units/edgar-20081231.xsd,http://edgar/20081231
e60511001ng,/Users/campbellpryde/Downloads/efm-68d-231120/conf/605-instance-syntax/605-11-no-duplicate-units/edgar-20081231.xsd,http://edgar/20081231
e60511002ng,/Users/campbellpryde/Downloads/efm-68d-231120/conf/605-instance-syntax/605-11-no-duplicate-units/edgar-20081231.xsd,http://edgar/20081231
e60511003ng,/Users/campbellpryde/Downloads/efm-68d-231120/conf/605-instance-syntax/605-11-no-duplicate-units/edgar-20081231.xsd,http://edgar/20081231
e60512000gd,/Users/campbellpryde/Downloads/efm-68d-231120/conf/605-instance-syntax/605-12-no-duplicate-facts/edgar-20081231.xsd,http://edgar/20081231
e60512001gd,/Users/campbellpryde/Downloads/efm-68d-231120/conf/605-instance-syntax/605-12-no-duplicate-facts/edgar-20081231.xsd,http://edgar/20081231
e60512002ng,/Users/campbellpryde/Downloads/efm-68d-231120/conf/605-instance-syntax/605-12-no-duplicate-facts/edgar-20081231.xsd,http://edgar/20081231
e60512003ng,/Users/campbellpryde/Downloads/efm-68d-231120/conf/605-instance-syntax/605-12-no-duplicate-facts/edgar-20081231.xsd,http://edgar/20081231
e60512005ng,/Users/campbellpryde/Downloads/efm-68d-231120/conf/605-instance-syntax/605-12-no-duplicate-facts/edgar-20081231.xsd,http://edgar/20081231
e60512007gd,/Users/campbellpryde/Downloads/efm-68d-231120/conf/605-instance-syntax/605-12-no-duplicate-facts/edgar-20081231.xsd,http://edgar/20081231
e60512008ng,/Users/campbellpryde/Downloads/efm-68d-231120/conf/605-instance-syntax/605-12-no-duplicate-facts/edgar-20081231.xsd,http://edgar/20081231
e60512009gd,/Users/campbellpryde/Downloads/efm-68d-231120/conf/605-instance-syntax/605-12-no-duplicate-facts/edgar-20081231.xsd,http://edgar/20081231
e60512010gd,/Users/campbellpryde/Downloads/efm-68d-231120/conf/605-instance-syntax/605-12-no-duplicate-facts/edgar-20081231.xsd,http://edgar/20081231
e60512011gd,/Users/campbellpryde/Downloads/efm-68d-231120/conf/605-instance-syntax/605-12-no-duplicate-facts/edgar-20081231.xsd,http://edgar/20081231
e60512012gd,/Users/campbellpryde/Downloads/efm-68d-231120/conf/605-instance-syntax/605-12-no-duplicate-facts/edgar-20081231.xsd,http://edgar/20081231
e60512013gd,/Users/campbellpryde/Downloads/efm-68d-231120/conf/605-instance-syntax/605-12-no-duplicate-facts/edgar-20081231.xsd,http://edgar/20081231
e60512014gd,/Users/campbellpryde/Downloads/efm-68d-231120/conf/605-instance-syntax/605-12-no-duplicate-facts/edgar-20081231.xsd,http://edgar/20081231
e60512015ng,/Users/campbellpryde/Downloads/efm-68d-231120/conf/605-instance-syntax/605-12-no-duplicate-facts/edgar-20081231.xsd,http://edgar/20081231
e60512016gd,/Users/campbellpryde/Downloads/efm-68d-231120/conf/605-instance-syntax/605-12-no-duplicate-facts/edgar-20081231.xsd,http://edgar/20081231
e60512017ng,/Users/campbellpryde/Downloads/efm-68d-231120/conf/605-instance-syntax/605-12-no-duplicate-facts/edgar-20081231.xsd,http://edgar/20081231
e60512018ng,/Users/campbellpryde/Downloads/efm-68d-231120/conf/605-instance-syntax/605-12-no-duplicate-facts/e60512018ng-20111231.xsd,http://edgar/20111231
e60512019gd,/Users/campbellpryde/Downloads/efm-68d-231120/conf/605-instance-syntax/605-12-no-duplicate-facts/e60512019gd-20111231.xsd,http://edgar/20111231
e60512020gd,/Users/campbellpryde/Downloads/efm-68d-231120/conf/605-instance-syntax/605-12-no-duplicate-facts/e60512020gd-20111231.xsd,http://edgar/20111231
e60513001ng,/Users/campbellpryde/Downloads/efm-68d-231120/conf/605-instance-syntax/605-13-english-default/edgar-20081231.xsd,http://edgar/20081231
e60513002ng,/Users/campbellpryde/Downloads/efm-68d-231120/conf/605-instance-syntax/605-13-english-default/edgar-20081231.xsd,http://edgar/20081231
e60513003ng,/Users/campbellpryde/Downloads/efm-68d-231120/conf/605-instance-syntax/605-13-english-default/edgar-20081231.xsd,http://edgar/20081231
e60513004ng,/Users/campbellpryde/Downloads/efm-68d-231120/conf/605-instance-syntax/605-13-english-default/edgar-20081231.xsd,http://edgar/20081231
e60514000gd,/Users/campbellpryde/Downloads/efm-68d-231120/conf/605-instance-syntax/605-14-foreign-content-needs-english/edgar-20081231.xsd,http://edgar/20081231
e60514001gd,/Users/campbellpryde/Downloads/efm-68d-231120/conf/605-instance-syntax/605-14-foreign-content-needs-english/edgar-20081231.xsd,http://edgar/20081231
e60514002gd,/Users/campbellpryde/Downloads/efm-68d-231120/conf/605-instance-syntax/605-14-foreign-content-needs-english/edgar-20081231.xsd,http://edgar/20081231
e60514003ng,/Users/campbellpryde/Downloads/efm-68d-231120/conf/605-instance-syntax/605-14-foreign-content-needs-english/edgar-20081231.xsd,http://edgar/20081231
e60514004ng,/Users/campbellpryde/Downloads/efm-68d-231120/conf/605-instance-syntax/605-14-foreign-content-needs-english/edgar-20081231.xsd,http://edgar/20081231
e60514005ng,/Users/campbellpryde/Downloads/efm-68d-231120/conf/605-instance-syntax/605-14-foreign-content-needs-english/edgar-20081231.xsd,http://edgar/20081231
e60515000gd,/Users/campbellpryde/Downloads/efm-68d-231120/conf/605-instance-syntax/605-15-text-blocks-xml-well-formed/edgar-20081231.xsd,http://edgar/20081231
e60515001ng,/Users/campbellpryde/Downloads/efm-68d-231120/conf/605-instance-syntax/605-15-text-blocks-xml-well-formed/edgar-20081231.xsd,http://edgar/20081231
e60515002gd,/Users/campbellpryde/Downloads/efm-68d-231120/conf/605-instance-syntax/605-15-text-blocks-xml-well-formed/edgar-20081231.xsd,http://edgar/20081231
e60515003gd,/Users/campbellpryde/Downloads/efm-68d-231120/conf/605-instance-syntax/605-15-text-blocks-xml-well-formed/edgar-20081231.xsd,http://edgar/20081231
e60515007gd,/Users/campbellpryde/Downloads/efm-68d-231120/conf/605-instance-syntax/605-15-text-blocks-xml-well-formed/edgar-20081231.xsd,http://edgar/20081231
e60515008gd,/Users/campbellpryde/Downloads/efm-68d-231120/conf/605-instance-syntax/605-15-text-blocks-xml-well-formed/edgar-20081231.xsd,http://edgar/20081231
e60515009ng,/Users/campbellpryde/Downloads/efm-68d-231120/conf/605-instance-syntax/605-15-text-blocks-xml-well-formed/edgar-20081231.xsd,http://edgar/20081231
e60515010ng,/Users/campbellpryde/Downloads/efm-68d-231120/conf/605-instance-syntax/605-15-text-blocks-xml-well-formed/edgar-20081231.xsd,http://edgar/20081231
e60515011gd,/Users/campbellpryde/Downloads/efm-68d-231120/conf/605-instance-syntax/605-15-text-blocks-xml-well-formed/edgar-20081231.xsd,http://edgar/20081231
e60515013gd,/Users/campbellpryde/Downloads/efm-68d-231120/conf/605-instance-syntax/605-15-text-blocks-xml-well-formed/edgar-20081231.xsd,http://edgar/20081231
e60515014ng,/Users/campbellpryde/Downloads/efm-68d-231120/conf/605-instance-syntax/605-15-text-blocks-xml-well-formed/edgar-20081231.xsd,http://edgar/20081231
e60515015ng,/Users/campbellpryde/Downloads/efm-68d-231120/conf/605-instance-syntax/605-15-text-blocks-xml-well-formed/edgar-20081231.xsd,http://edgar/20081231
e60515016ng,/Users/campbellpryde/Downloads/efm-68d-231120/conf/605-instance-syntax/605-15-text-blocks-xml-well-formed/edgar-20081231.xsd,http://edgar/20081231
e60515017gd,/Users/campbellpryde/Downloads/efm-68d-231120/conf/605-instance-syntax/605-15-text-blocks-xml-well-formed/edgar-20081231.xsd,http://edgar/20081231
e60515018ng,/Users/campbellpryde/Downloads/efm-68d-231120/conf/605-instance-syntax/605-15-text-blocks-xml-well-formed/edgar-20081231.xsd,http://edgar/20081231
e60516001ng,/Users/campbellpryde/Downloads/efm-68d-231120/conf/605-instance-syntax/605-16-html-limited/edgar-20081231.xsd,http://edgar/20081231
e60516002ng,/Users/campbellpryde/Downloads/efm-68d-231120/conf/605-instance-syntax/605-16-html-limited/edgar-20081231.xsd,http://edgar/20081231
e60516003ng,/Users/campbellpryde/Downloads/efm-68d-231120/conf/605-instance-syntax/605-16-html-limited/edgar-20081231.xsd,http://edgar/20081231
e60516004ng,/Users/campbellpryde/Downloads/efm-68d-231120/conf/605-instance-syntax/605-16-html-limited/edgar-20081231.xsd,http://edgar/20081231
e60516005ng,/Users/campbellpryde/Downloads/efm-68d-231120/conf/605-instance-syntax/605-16-html-limited/edgar-20081231.xsd,http://edgar/20081231
e60516006ng,/Users/campbellpryde/Downloads/efm-68d-231120/conf/605-instance-syntax/605-16-html-limited/edgar-20081231.xsd,http://edgar/20081231
e60516007gd,/Users/campbellpryde/Downloads/efm-68d-231120/conf/605-instance-syntax/605-16-html-limited/edgar-20081231.xsd,http://edgar/20081231
e60516008ng,/Users/campbellpryde/Downloads/efm-68d-231120/conf/605-instance-syntax/605-16-html-limited/edgar-20081231.xsd,http://edgar/20081231
e60516009gd,/Users/campbellpryde/Downloads/efm-68d-231120/conf/605-instance-syntax/605-16-html-limited/edgar-20081231.xsd,http://edgar/20081231
e60516010ng,/Users/campbellpryde/Downloads/efm-68d-231120/conf/605-instance-syntax/605-16-html-limited/edgar-20081231.xsd,http://edgar/20081231
e60516011gd,/Users/campbellpryde/Downloads/efm-68d-231120/conf/605-instance-syntax/605-16-html-limited/edgar-20081231.xsd,http://edgar/20081231
e60516012ng,/Users/campbellpryde/Downloads/efm-68d-231120/conf/605-instance-syntax/605-16-html-limited/edgar-20081231.xsd,http://edgar/20081231
e60516013ng,/Users/campbellpryde/Downloads/efm-68d-231120/conf/605-instance-syntax/605-16-html-limited/e60516013ng-20081231.xsd,http://cdata/20091231
e60516014ng,/Users/campbellpryde/Downloads/efm-68d-231120/conf/605-instance-syntax/605-16-html-limited/e60516014ng-20081231.xsd,http://cdata/20091231
e60516015ng,/Users/campbellpryde/Downloads/efm-68d-231120/conf/605-instance-syntax/605-16-html-limited/e60516015ng-20081231.xsd,http://e60516/20081231
e60516016gd,/Users/campbellpryde/Downloads/efm-68d-231120/conf/605-instance-syntax/605-16-html-limited/e60516016gd-20081231.xsd,http://e60516/20081231
e60516017gd,/Users/campbellpryde/Downloads/efm-68d-231120/conf/605-instance-syntax/605-16-html-limited/edgar-20081231.xsd,http://edgar/20081231
e60516018ng,/Users/campbellpryde/Downloads/efm-68d-231120/conf/605-instance-syntax/605-16-html-limited/edgar-20081231.xsd,http://edgar/20081231
e60516019ng,/Users/campbellpryde/Downloads/efm-68d-231120/conf/605-instance-syntax/605-16-html-limited/edgar-20081231.xsd,http://edgar/20081231
e60516020gd,/Users/campbellpryde/Downloads/efm-68d-231120/conf/605-instance-syntax/605-16-html-limited/edgar-20081231.xsd,http://edgar/20081231
e60516021ng,/Users/campbellpryde/Downloads/efm-68d-231120/conf/605-instance-syntax/605-16-html-limited/edgar-20081231.xsd,http://edgar/20081231
e60516022ng,/Users/campbellpryde/Downloads/efm-68d-231120/conf/605-instance-syntax/605-16-html-limited/edgar-20081231.xsd,http://edgar/20081231
e60516023ng,/Users/campbellpryde/Downloads/efm-68d-231120/conf/605-instance-syntax/605-16-html-limited/edgar-20081231.xsd,http://edgar/20081231
e60516024ng,/Users/campbellpryde/Downloads/efm-68d-231120/conf/605-instance-syntax/605-16-html-limited/edgar-20081231.xsd,http://edgar/20081231
e60516025ng,/Users/campbellpryde/Downloads/efm-68d-231120/conf/605-instance-syntax/605-16-html-limited/edgar-20081231.xsd,http://edgar/20081231
e60516026gd,/Users/campbellpryde/Downloads/efm-68d-231120/conf/605-instance-syntax/605-16-html-limited/edgar-20081231.xsd,http://edgar/20081231
e60516027gd,/Users/campbellpryde/Downloads/efm-68d-231120/conf/605-instance-syntax/605-16-html-limited/edgar-20081231.xsd,http://edgar/20081231
e60516028ng,/Users/campbellpryde/Downloads/efm-68d-231120/conf/605-instance-syntax/605-16-html-limited/edgar-20081231.xsd,http://edgar/20081231
e60516030ng,/Users/campbellpryde/Downloads/efm-68d-231120/conf/605-instance-syntax/605-16-html-limited/edgar-20081231.xsd,http://edgar/20081231
e60516031ng,/Users/campbellpryde/Downloads/efm-68d-231120/conf/605-instance-syntax/605-16-html-limited/edgar-20081231.xsd,http://edgar/20081231
e60516032ng,/Users/campbellpryde/Downloads/efm-68d-231120/conf/605-instance-syntax/605-16-html-limited/edgar-20081231.xsd,http://edgar/20081231
e60516033ng,/Users/campbellpryde/Downloads/efm-68d-231120/conf/605-instance-syntax/605-16-html-limited/edgar-20081231.xsd,http://edgar/20081231
e60517000gd,/Users/campbellpryde/Downloads/efm-68d-231120/conf/605-instance-syntax/605-17-decimals-not-precision/edgar-20081231.xsd,http://edgar/20081231
e60517002ng,/Users/campbellpryde/Downloads/efm-68d-231120/conf/605-instance-syntax/605-17-decimals-not-precision/edgar-20081231.xsd,http://edgar/20081231
e60519000gd,/Users/campbellpryde/Downloads/efm-68d-231120/conf/605-instance-syntax/605-19-required-context/edgar-20081231.xsd,http://edgar/20081231
e60519002gd,/Users/campbellpryde/Downloads/efm-68d-231120/conf/605-instance-syntax/605-19-required-context/edgar-20081231.xsd,http://edgar/20081231
e60519004gd,/Users/campbellpryde/Downloads/efm-68d-231120/conf/605-instance-syntax/605-19-required-context/edgar-20091231.xsd,http://edgar/20081231
e60519005gd,/Users/campbellpryde/Downloads/efm-68d-231120/conf/605-instance-syntax/605-19-required-context/edgar-20091231.xsd,http://edgar/20081231
g60520001gd,/Users/campbellpryde/Downloads/efm-68d-231120/conf/605-instance-syntax/605-20-required-document-elts/605-20-gen/g60520001gd/edgar-20181231.xsd,http://edgar/20181231
g60520002ng,/Users/campbellpryde/Downloads/efm-68d-231120/conf/605-instance-syntax/605-20-required-document-elts/605-20-gen/g60520002ng/edgar-20181231.xsd,http://edgar/20181231
g60520003gw,/Users/campbellpryde/Downloads/efm-68d-231120/conf/605-instance-syntax/605-20-required-document-elts/605-20-gen/g60520003gw/edgar-20181231.xsd,http://edgar/20181231
g60520004gw,/Users/campbellpryde/Downloads/efm-68d-231120/conf/605-instance-syntax/605-20-required-document-elts/605-20-gen/g60520004gw/edgar-20181231.xsd,http://edgar/20181231
g60520005gw,/Users/campbellpryde/Downloads/efm-68d-231120/conf/605-instance-syntax/605-20-required-document-elts/605-20-gen/g60520005gw/edgar-20181231.xsd,http://edgar/20181231
